ID,Scanner,Spit,Raw_material,Class,Blank,Technology,Cortex,Preservation,Volume,Surface,Length,Width,Thickness,Core_classification
Ca_1,Artec.Spider,AU12,Chert,Core-Tool,Flake,Undetermined,0%,Complete,9704.902344,3268.629199,29.10000038,20.10000038,60.79999924,Carinated
Ca_2,Artec.Spider,AU12,Jasper,Core-Tool,Flake,Semi-cortical,1-33%,Undetermined,3555.448975,1460.136173,17.79999924,25.70000076,25.5,Carinated
Ca_3,Artec.Spider,AU12,Chert,Core-Tool,Flake,Undetermined,0%,Undetermined,2318.9021,1141.989158,12.5,24.79999924,18.20000076,Carinated
Ca_4,Artec.Spider,AU12,Jasper,Core-Tool,Other,Other,33-66%,Other,9328.821289,3128.00916,22.89999962,37.29999924,40.09999847,Carinated
Ca_5,Artec.Spider,AU12,Jasper,Core-Tool,Flake,Semi-cortical,1-33%,Complete,4639.98584,1857.956199,27.39999962,24.39999962,13.80000019,Carinated
Ca_6,Artec.Spider,AU12,Jasper,Tool,Flake,Optimal,0%,Complete,4248.004395,1878.601376,39.40000153,23.39999962,13.19999981,NA
Ca_7,Artec.Spider,AU12,Jasper,Core-Tool,Flake,Optimal,0%,Distal,8095.224121,2981.705474,13.69999981,33.59999847,42,Carinated
Ca_8,Artec.Spider,AU12,Jasper,Tool,Flake,Semi-cortical,1-33%,Complete,11279.41309,3881.448755,48.79999924,41.79999924,12.5,NA
Ca_9,Artec.Spider,AU12,Chert,Core-Tool,Flake,Undetermined,1-33%,Undetermined,2397.669189,1190.365406,12.19999981,20.89999962,28.10000038,Carinated
Ca_10,Artec.Spider,AU12,Chert,Core-Tool,Flake,Maintenance,0%,Undetermined,2063.922363,1079.74858,17.29999924,20.70000076,27,Carinated
Ca_11,Artec.Spider,AU12,Chert,Core-Tool,Flake,Optimal,0%,Undetermined,3217.052734,1391.778788,16,26,25.10000038,Carinated
Ca_12,Artec.Spider,AU12,Jasper,Core-Tool,Flake,Maintenance,1-33%,Complete,2895.134277,1439.156604,12.60000038,22.39999962,29.39999962,Carinated
Ca_13,Artec.Spider,AU12,Jasper,Tool,Flake,Maintenance,0%,Complete,1525.496704,821.1826363,19.60000038,23.39999962,8,NA
Ca_14,Artec.Spider,AU12,Jasper,Tool,Flake,Maintenance,0%,Complete,1344.233276,909.7140965,26.39999962,16.39999962,6.599999905,NA
Ca_15,Artec.Spider,AU12,Chert,Core-Tool,Flake,Maintenance,0%,Complete,4755.030273,2052.381101,14.80000019,31.29999924,36.59999847,Carinated
Ca_16,Artec.Spider,AU12,Chert,Tool,Flake,Maintenance,0%,Complete,2401.36377,1361.466978,33.79999924,19.89999962,15.19999981,NA
Ca_17,Artec.Spider,AU12,Jasper,Tool,Flake,Semi-cortical,1-33%,Complete,2213.66626,1169.059965,24.10000038,21.89999962,7.800000191,NA
Ca_18,Artec.Spider,AU12,Jasper,Tool,Flake,Optimal,0%,Distal,798.2290039,694.3687178,22.79999924,17.89999962,5.800000191,NA
Ca_19,Artec.Spider,AU12,Unknown,Tool,Flake,Semi-cortical,1-33%,Distal,1012.051208,709.6344287,24.70000076,15,6,NA
Ca_20,Artec.Spider,AU12,Jasper,Tool,Flake,Optimal,0%,Distal,1601.66333,1025.128817,27.29999924,16.60000038,8.300000191,NA
Ca_21,Artec.Spider,AU12,Jasper,Tool,Blade,Optimal,0%,Distal,863.4555054,729.6281264,26,13,5,NA
Ca_22,Artec.Spider,AU12,Jasper,Tool,Flake,Optimal,0%,Distal,1114.279663,801.118839,14,29.79999924,7.199999809,NA
Ca_23,Artec.Spider,AU12,Jasper,Core-Tool,Flake,Undetermined,0%,Distal,1745.226563,947.4365619,10,27.39999962,13.89999962,Carinated
Ca_24,Artec.Spider,AU12,Chert,Tool,Flake,Initialization,66-99%,Distal,1884.130737,1076.194843,20.79999924,20.29999924,9.199999809,NA
Ca_25,Artec.Spider,AU12,Unknown,Tool,Flake,Undetermined,0%,Complete,1819.062256,1127.325528,28,26,8.800000191,NA
Ca_26,Artec.Spider,AU12,Chert,Tool,Flake,Semi-cortical,1-33%,Complete,1895.042725,1135.700974,27.70000076,23.70000076,8.399999619,NA
Ca_27,Artec.Spider,AU12,Jasper,Tool,Flake,Undetermined,0%,Complete,2037.229614,1103.479635,28.29999924,23.20000076,8.699999809,NA
Ca_28,Artec.Spider,AU12,Jasper,Tool,Flake,Initialization,66-99%,Complete,3336.405762,1695.101055,34.59999847,25.89999962,10.30000019,NA
Ca_29,Artec.Spider,AU12,Jasper,Core-Tool,Flake,Semi-cortical,1-33%,Complete,4987.584961,2140.506413,10.39999962,31.5,32.20000076,Carinated
Ca_30,Artec.Spider,AU12,Jasper,Core-Tool,Flake,Semi-cortical,33-66%,Undetermined,3467.727051,1469.45143,18.29999924,26.60000038,14,Carinated
Ca_31,Artec.Spider,AU12,Jasper,Core-Tool,Flake,Optimal,0%,Complete,5687.731445,2058.973198,17.60000038,34.5,26.60000038,Carinated
Ca_32,Artec.Spider,AU12,Jasper,Core-Tool,Other,Other,33-66%,Other,4608.467285,1774.11487,15.60000038,24.70000076,14.39999962,Carinated
Ca_33,Artec.Spider,AU12,Chert,Core-Tool,Flake,Optimal,0%,Complete,6283.228027,2141.225346,20.60000038,37,27.39999962,Carinated
Ca_34,Artec.Spider,AU12,Chert,Core-Tool,Other,Other,33-66%,Other,4379.596191,1696.60126,13.80000019,23.39999962,31.89999962,Carinated
Ca_35,Artec.Spider,AU12,Jasper,Core-Tool,Flake,Initialization,66-99%,Complete,26491.27148,5656.688401,31.39999962,42.40000153,53.20000076,Carinated
Ca_36,Artec.Spider,AU12,Chert,Core-Tool,Flake,Optimal,0%,Distal,4630.280273,1767.78051,22.10000038,39.29999924,29.39999962,Carinated
Ca_37,Artec.Spider,AU12,Unknown,Tool,Flake,Optimal,0%,Distal,2441.075684,1268.504242,28,19.89999962,9.199999809,NA
Ca_38,Artec.Spider,AU12,Jasper,Core-Tool,Flake,Semi-cortical,1-33%,Complete,2796.625977,1215.795482,15,24.29999924,23.5,Carinated
Ca_39,Artec.Spider,AU12,Jasper,Core-Tool,Flake,Optimal,0%,Distal,2102.728271,1066.526384,11,21.79999924,21.5,Carinated
Ca_40,Artec.Spider,AU12,Jasper,Core-Tool,Flake,Undetermined,0%,Undetermined,3247.829834,1546.61253,12.39999962,26.79999924,23.29999924,Carinated
Ca_41,Artec.Spider,AU12,Chert,Core-Tool,Flake,Optimal,0%,Distal,1409.106079,862.880662,11.30000019,18.5,22.89999962,Carinated
Ca_42,Artec.Spider,AU12,Chert,Tool,Flake,Optimal,0%,Complete,1281.744507,830.1436415,23.70000076,19.5,7.400000095,NA
Ca_43,Artec.Spider,AU11,Chert,Core-Tool,Other,Other,1-33%,Other,5794.444336,1976.943589,20.5,29.29999924,22.10000038,Carinated
Ca_44,Artec.Spider,AU11,Jasper,Core-Tool,Other,Other,1-33%,Other,9609.418945,2831.019316,20.20000076,35.29999924,26.79999924,Carinated
Ca_45,Artec.Spider,AU11,Chert,Core-Tool,Other,Other,66-99%,Other,8255.444336,2639.982473,16,24.79999924,45.59999847,Carinated
Ca_46,Artec.Spider,AU11,Jasper,Core-Tool,Other,Other,33-66%,Other,6651.782227,2228.680404,22,24.20000076,33.79999924,Carinated
Ca_47,Artec.Spider,AU11,Jasper,Core-Tool,Flake,Initialization,66-99%,Complete,4322.386719,1689.696447,16.20000076,21.29999924,33.79999924,Carinated
Ca_48,Artec.Spider,AU11,Jasper,Core-Tool,Other,Other,1-33%,Other,6602.419434,2398.374106,22.29999924,23.5,38.40000153,Carinated
Ca_49,Artec.Spider,AU11,Chert,Core-Tool,Flake,Optimal,0%,Complete,7164.547852,2748.813013,22.60000038,27.89999962,43,Carinated
Ca_50,Artec.Spider,AU11,Chert,Core-Tool,Flake,Semi-cortical,1-33%,Complete,6340.241699,2230.657616,18.5,38.40000153,21.5,Carinated
Ca_51,Artec.Spider,AU11,Chert,Core-Tool,Flake,Maintenance,0%,Undetermined,5655.291016,2127.016976,18,20.39999962,41.59999847,Carinated
Ca_52,Artec.Spider,AU11,Chert,Core-Tool,Flake,Optimal,0%,Undetermined,4952.051758,1901.122651,15.10000038,24.60000038,34.79999924,Carinated
Ca_53,Artec.Spider,AU11,Jasper,Core-Tool,Flake,Initialization,66-99%,Complete,4944.871582,1874.481665,19.79999924,28.10000038,29,Carinated
Ca_54,Artec.Spider,AU11,Jasper,Tool,Flake,Semi-cortical,33-66%,Complete,3566.158691,1516.929213,28.10000038,21.89999962,13.30000019,NA
Ca_55,Artec.Spider,AU11,Chert,Tool,Flake,Maintenance,0%,Complete,4017.371582,1679.925016,33.40000153,22.10000038,15.39999962,NA
Ca_56,Artec.Spider,AU11,Chert,Core-Tool,Flake,Optimal,0%,Complete,3006.576172,1340.638226,27.79999924,22,12.69999981,Carinated
Ca_57,Artec.Spider,AU11,Chert,Core-Tool,Flake,Optimal,0%,Complete,2678.97583,1252.166475,13.30000019,23.60000038,21.60000038,Carinated
Ca_58,Artec.Spider,AU11,Chert,Tool,Flake,Optimal,0%,Complete,1144.127563,812.5776055,23.5,17.60000038,5.5,NA
Ca_59,Artec.Spider,AU11,Chert,Core-Tool,Flake,Optimal,0%,Complete,2779.367188,1222.103983,21.5,27.5,12.39999962,Carinated
Ca_60,Artec.Spider,AU11,Jasper,Tool,Flake,Maintenance,1-33%,Complete,3527.108643,1854.349742,37.59999847,27.10000038,6.699999809,NA
Ca_61,Artec.Spider,AU11,Jasper,Core-Tool,Flake,Optimal,0%,Complete,1764.635864,1110.239861,28.5,21.60000038,7.300000191,Carinated
Ca_62,Artec.Spider,AU11,Jasper,Tool,Flake,Initialization,100%,Distal,1457.750366,934.1412908,22.5,21.10000038,7,NA
Ca_63,Artec.Spider,AU11,Chert,Tool,Blade,Optimal,0%,Distal,489.1698608,611.5868911,27,13.30000019,3.400000095,NA
Ca_64,Artec.Spider,AU11,Jasper,Tool,Flake,Optimal,0%,Complete,1996.01355,1000.051467,21,21.10000038,9.199999809,NA
Ca_65,Artec.Spider,AU11,Chert,Core,Flake,Optimal,0%,Complete,1910.140747,944.2394196,21,22.5,11.10000038,Parallel
Ca_66,Artec.Spider,AU11,Chert,Tool,Flake,Optimal,0%,Complete,1321.31665,835.4291162,27,16.5,6.800000191,NA
Ca_67,Artec.Spider,AU11,Jasper,Tool,Flake,Maintenance,33-66%,Complete,2071.760254,1229.312087,30.79999924,16.70000076,7.900000095,NA
Ca_68,Artec.Spider,AU11,Jasper,Tool,Flake,Maintenance,1-33%,Complete,1445.804932,1093.668587,29.29999924,19.20000076,7,NA
Ca_69,Artec.Spider,AU11,Chert,Tool,Flake,Optimal,0%,Complete,1080.040161,735.2788479,22.10000038,17.79999924,8,NA
Ca_70,Artec.Spider,AU11,Chert,Tool,Flake,Optimal,0%,Complete,2034.780273,1117.503726,28,22.10000038,9.699999809,NA
Ca_71,Artec.Spider,AU11,Quartzite,Core-Tool,Flake,Optimal,0%,Proximal,2143.388672,1068.201113,23,20.89999962,10.30000019,Carinated
Ca_72,Artec.Spider,AU11,Chert,Core-Tool,Flake,Semi-cortical,1-33%,Complete,2845.151855,1423.020761,31.79999924,22.60000038,11.60000038,Carinated
Ca_73,Artec.Spider,AU11,Chert,Tool,Flake,Maintenance,0%,Distal,2818.978516,1377.960339,32.59999847,20.60000038,8.800000191,NA
Ca_74,Artec.Spider,AU11,Jasper,Core-Tool,Flake,Initialization,0%,Complete,2178.646973,1187.071468,26.29999924,20.20000076,9.600000381,Carinated
Ca_75,Artec.Spider,AU11,Chert,Core-Tool,Flake,Optimal,0%,Undetermined,2244.62915,1152.99157,14.10000038,26.5,23.20000076,Carinated
Ca_76,Artec.Spider,AU11,Chert,Core-Tool,Flake,Semi-cortical,1-33%,Complete,988.8093262,624.6381165,20.39999962,14.80000019,8,Carinated
Ca_77,Artec.Spider,AU11,Chert,Core-Tool,Flake,Semi-cortical,1-33%,Complete,2448.207031,1205.083067,10,19,103,Carinated
Ca_78,Artec.Spider,AU13,Chert,Core,Other,Other,33-66%,Other,8926.757813,2659.186232,33.40000153,26.89999962,22.10000038,Burin core
Ca_79,Artec.Spider,AU13,Jasper,Core-Tool,Other,Other,66-99%,Other,3850.567627,1451.610071,18.5,21.89999962,26,Carinated
Ca_80,Artec.Spider,AU13,Chert,Core-Tool,Flake,Semi-cortical,1-33%,Complete,5119.748047,1984.42605,18.20000076,25.10000038,38.79999924,Carinated
Ca_81,Artec.Spider,AU13,Chert,Core-Tool,Flake,Semi-cortical,33-66%,Complete,5363.375977,1976.380932,20.5,23.60000038,30.70000076,Carinated
Ca_82,Artec.Spider,AU13,Chert,Tool,Flake,Semi-cortical,33-66%,Distal,4453.740234,1858.429332,39,21.39999962,11,NA
Ca_83,Artec.Spider,AU13,Jasper,Tool,Flake,Semi-cortical,33-66%,Complete,2756.799316,1361.57911,27.10000038,26.10000038,8.199999809,NA
Ca_84,Artec.Spider,AU13,Jasper,Tool,Flake,Maintenance,0%,Complete,1825.859009,1222.097051,25.29999924,24.79999924,7.300000191,NA
Ca_85,Artec.Spider,AU13,Jasper,Tool,Flake,Semi-cortical,1-33%,Distal,1113.712891,905.9550306,30,21,5,NA
Ca_86,Artec.Spider,AU13,Chert,Tool,Flake,Optimal,0%,Complete,2044.727905,1289.796233,36.29999924,18.79999924,8.300000191,NA
Ca_87,Artec.Spider,AU13,Chert,Core-Tool,Blade,Initialization,1-33%,Complete,1796.777954,1087.594083,33.40000153,16,9.100000381,Carinated
Ca_88,Artec.Spider,AU13,Chert,Tool,Flake,Maintenance,0%,Complete,2770.401367,1515.311648,32.5,26.10000038,7.199999809,NA
Ca_89,Artec.Spider,AU13,Chert,Tool,Flake,Maintenance,1-33%,Complete,3930.506348,1847.227982,33.79999924,25.5,12,NA
Ca_90,Artec.Spider,AU13,Chert,Core-Tool,Flake,Maintenance,0%,Complete,4578.445801,2170.067023,32.09999847,36.09999847,8.899999619,Carinated
Ca_91,Artec.Spider,AU13,Jasper,Core-Tool,Other,Other,1-33%,Other,2770.045166,1310.629966,26.60000038,24.39999962,25.70000076,Carinated
Ca_92,Artec.Spider,AU13,Jasper,Core-Tool,Flake,Semi-cortical,1-33%,Complete,3370.820557,1562.188819,14.60000038,23.60000038,31.79999924,Carinated
Ca_93,Artec.Spider,AU13,Jasper,Tool,Flake,Optimal,0%,Distal,1218.949707,786.3988459,19.29999924,20.29999924,7.300000191,NA
Ca_94,Artec.Spider,AU13,Chert,Tool,Blade,Optimal,0%,Distal,1770.780518,987.0543512,25.39999962,19.39999962,8.100000381,NA
Ca_95,Artec.Spider,AU13,Chert,Tool,Flake,Optimal,0%,Complete,2406.792969,1319.931506,24,27,7.699999809,NA
Ca_96,Artec.Spider,AU13,Chert,Core-Tool,Flake,Optimal,0%,Distal,6850.352539,3051.35962,58.59999847,34.90000153,11.69999981,Carinated
Ca_97,Artec.Spider,AU13,Jasper,Tool,Flake,Optimal,0%,Undetermined,1420.619751,814.6321774,19.20000076,18.70000076,7.800000191,NA
Ca_98,Artec.Spider,AU13,Jasper,Tool,Flake,Semi-cortical,33-66%,Complete,1361.653076,750.415965,18,19,10.10000038,NA
Ca_99,Artec.Spider,AU13,Chert,Core-Tool,Flake,Optimal,0%,Distal,3356.623535,1505.855309,32,22.5,23.10000038,Carinated
Ca_100,Artec.Spider,AU13,Chert,Core-Tool,Flake,Semi-cortical,33-66%,Distal,2292.187012,1163.54773,12.19999981,13.89999962,31.89999962,Carinated
Ca_101,Artec.Spider,AU13,Jasper,Core-Tool,Other,Other,33-66%,Other,17814.63867,4288.024057,22.29999924,28.89999962,49.40000153,Carinated
Ca_102,Artec.Spider,AU13,Jasper,Tool,Flake,Initialization,66-99%,Undetermined,4115.401855,2174.722963,44,28.20000076,9.199999809,NA
Ca_103,Artec.Spider,AU13,Jasper,Core-Tool,Blade,Initialization,66-99%,Complete,4441.541504,1749.160948,38,18,14.19999981,Carinated
Ca_104,Artec.Spider,AU13,Jasper,Tool,Flake,Initialization,100%,Complete,3640.395508,1797.198846,34.70000076,30,7,NA
Ca_105,Artec.Spider,AU13,Jasper,Core-Tool,Flake,Optimal,0%,Undetermined,3287.499268,1443.781191,13,26.89999962,29.89999962,Multi-platform
Ca_106,Artec.Spider,AU13,Chert,Core-Tool,Flake,Undetermined,0%,Undetermined,5497.486328,2066.367001,36.29999924,24.39999962,16.70000076,Carinated
Ca_107,Artec.Spider,AU13,Jasper,Tool,Flake,Maintenance,1-33%,Complete,3578.092041,1780.104523,40.09999847,23.20000076,11.30000019,NA
Ca_108,Artec.Spider,AU13,Chert,Core-Tool,Flake,Semi-cortical,33-66%,Proximal,2394.745361,1173.970343,23,21.29999924,11.89999962,Carinated
Ca_109,Artec.Spider,AU13,Chert,Core-Tool,Flake,Maintenance,0%,Complete,3093.022461,1362.903361,14.89999962,22,27.10000038,Carinated
Ca_110,Artec.Spider,AU13,Chert,Core-Tool,Flake,Semi-cortical,33-66%,Complete,8044.735352,2702.498396,22.89999962,31.39999962,36.20000076,Carinated
Ca_111,Artec.Spider,AU13,Chert,Core-Tool,Flake,Semi-cortical,1-33%,Complete,3830.302979,1587.900343,18.29999924,16.79999924,33.29999924,Carinated
Ca_112,Artec.Spider,AU13,Chert,Tool,Blade,Optimal,0%,Distal,1183.913696,985.9601933,23,19.79999924,5.599999905,NA
Ca_113,Artec.Spider,AU13,Chert,Core-Tool,Flake,Semi-cortical,1-33%,Complete,5914.833008,2346.041424,14.80000019,31.29999924,36.29999924,Carinated
Ca_114,Artec.Spider,AU13,Chert,Core-Tool,Flake,Optimal,0%,Complete,4891.769531,1816.321993,16.89999962,29.10000038,32,Carinated
Ca_115,Artec.Spider,AU13,Chert,Tool,Flake,Optimal,0%,Complete,1179.199463,843.5366547,21.10000038,17.39999962,7.300000191,NA
Ca_116,Artec.Spider,AU13,Chert,Core-Tool,Flake,Optimal,0%,Distal,1749.11084,957.3819413,13.5,17.39999962,10.5,Carinated
Ca_117,Artec.Spider,AU13,Chert,Core-Tool,Flake,Optimal,0%,Complete,2817.947754,1355.013326,13.39999962,26.60000038,26.5,Carinated
Ca_118,Artec.Spider,AU13,Quartzite,Core-Tool,Flake,Initialization,66-99%,Complete,6266.80127,2361.738662,16,25.39999962,43.70000076,Carinated
Ca_119,Artec.Spider,AU13,Chert,Core-Tool,Flake,Semi-cortical,33-66%,Complete,3821.184326,1882.647295,38.29999924,32,11.30000019,Carinated
Ca_120,Artec.Spider,AU12,Jasper,Core-Tool,Flake,Semi-cortical,1-33%,Complete,10488.13574,3454.80714,19.20000076,35.59999847,44.20000076,Carinated
Ca_121,Artec.Spider,AU12,Jasper,Tool,Flake,Semi-cortical,1-33%,Complete,4831.38916,2026.915602,39.20000076,25.79999924,13.30000019,NA
Ca_122,Artec.Spider,AU12,Jasper,Core-Tool,Flake,Semi-cortical,1-33%,Complete,3916.542236,1637.064058,26.20000076,31.70000076,14.39999962,Carinated
Ca_123,Artec.Spider,AU12,Jasper,Core-Tool,Flake,Initialization,66-99%,Complete,3051.615723,1492.007677,32.20000076,23.10000038,8.899999619,Carinated
Ca_124,Artec.Spider,AU12,Chert,Core-Tool,Flake,Optimal,0%,Complete,2352.356934,1087.392702,21.60000038,23.89999962,10.80000019,Carinated
Ca_125,Artec.Spider,AU12,Jasper,Tool,Flake,Optimal,0%,Complete,2697.156738,1393.222433,32.59999847,21.70000076,9.399999619,NA
Ca_126,Artec.Spider,AU12,Chert,Tool,Blade,Optimal,0%,Complete,2379.733154,1399.951345,39.59999847,18.89999962,7.599999905,NA
Ca_127,Artec.Spider,AU11,Chert,Core-Tool,Other,Other,33-66%,Other,14838.98242,3733.816524,24.89999962,39.59999847,22.29999924,Carinated
Ca_128,Artec.Spider,AU11,Jasper,Core-Tool,Other,Other,0%,Other,6393.182129,2138.37727,19.5,26.39999962,19.89999962,Carinated
Ca_129,Artec.Spider,AU11,Unknown,Tool,Flake,Optimal,0%,Undetermined,1716.905518,1019.048488,23.29999924,22.70000076,7.300000191,NA
Ca_130,Artec.Spider,AU11,Chert,Tool,Flake,Semi-cortical,1-33%,Complete,4973.791992,1789.535262,13.69999981,28.29999924,26.10000038,NA
Ca_131,Artec.Spider,AU11,Jasper,Tool,Flake,Maintenance,0%,Complete,2478.714111,1257.835597,28,22.79999924,8,NA
Ca_132,Artec.Spider,AU10,Chert,Tool,Blade,Semi-cortical,33-66%,Distal,6586.142578,2981.852634,57.20000076,22.89999962,8.300000191,NA
Ca_133,Artec.Spider,AU10,Jasper,Core-Tool,Flake,Optimal,0%,Complete,6323.845215,2203.716338,19.10000038,22.60000038,39.5,Multi-platform
Ca_134,Artec.Spider,AU10,Chert,Tool,Flake,Optimal,0%,Distal,1844.430542,1041.2739,27.60000038,18.5,7.5,NA
Ca_135,Artec.Spider,AU10,Jasper,Tool,Flake,Optimal,0%,Complete,1197.379395,975.5692417,27.89999962,17.60000038,4.400000095,NA
Ca_136,Artec.Spider,AU10,Jasper,Core-Tool,Other,Other,0%,Other,2953.636475,1391.123345,19,20.60000038,28.79999924,Carinated
Ca_137,Artec.Spider,AU12,Chert,Core-Tool,Flake,Semi-cortical,33-66%,Complete,4055.880615,1612.136286,28.39999962,27.79999924,11.69999981,Carinated
Ca_138,Artec.Spider,AU12,Jasper,Core-Tool,Flake,Semi-cortical,1-33%,Complete,2772.689453,1428.007517,25.29999924,27.60000038,8.100000381,Carinated
Ca_139,Artec.Spider,AU12,Chert,Tool,Blade,Optimal,0%,Complete,1496.044189,1032.781413,32.70000076,16.29999924,5.699999809,NA
Ca_140,Artec.Spider,AU12,Chert,Tool,Flake,Optimal,0%,Distal,2452.010742,1426.764408,33.20000076,25.60000038,8.399999619,NA
Ca_141,Artec.Spider,AU12,Chert,Tool,Blade,Optimal,0%,Distal,2099.468506,1315.040113,29.5,22.5,6.699999809,NA
Ca_142,Artec.Spider,AU12,Chert,Core-Tool,Flake,Optimal,0%,Distal,4672.249023,1881.494037,32.29999924,26.39999962,11.10000038,Carinated
Ca_143,Artec.Spider,AU12,Chert,Tool,Flake,Semi-cortical,33-66%,Complete,2968.588867,1457.340517,28.60000038,26.70000076,9.899999619,NA
Ca_144,Artec.Spider,AU12,Chert,Core-Tool,Flake,Optimal,0%,Distal,2628.179199,1269.16057,17.70000076,29,11.80000019,Carinated
Ca_145,Artec.Spider,AU12,Chert,Tool,Flake,Initialization,66-99%,Complete,2542.831299,1351.01708,27.5,24.29999924,8.699999809,NA
Ca_146,Artec.Spider,AU12,Chert,Tool,Flake,Optimal,0%,Distal,3996.90625,1714.734314,24.79999924,29.70000076,11.80000019,NA
Ca_147,Artec.Spider,AU12,Chert,Core-Tool,Flake,Semi-cortical,1-33%,Complete,1798.378418,997.857473,18.29999924,23.20000076,10.60000038,Carinated
Ca_148,Artec.Spider,AU12,Chert,Core-Tool,Other,Other,33-66%,Other,4135.28418,1570.710658,16.60000038,20.70000076,16.20000076,Carinated
Ca_149,Artec.Spider,AU12,Jasper,Core-Tool,Flake,Semi-cortical,1-33%,Complete,7020.519043,2390.001488,18.20000076,30.39999962,33.79999924,Carinated
Ca_150,Artec.Spider,AU12,Chert,Tool,Flake,Optimal,0%,Complete,2222.115723,1094.273069,21,26.5,9.399999619,NA
Ca_151,Artec.Spider,AU12,Siliceous limestone,Tool,Flake,Maintenance,33-66%,Distal,5413.875,2490.122056,39.5,29.5,8.800000191,NA
Ca_152,Artec.Spider,AU12,Jasper,Core-Tool,Other,Other,33-66%,Other,11575.66895,3252.39316,21,30.20000076,42.40000153,Carinated
Ca_153,Artec.Spider,AU12,Jasper,Core-Tool,Other,Other,0%,Other,13036.79004,3628.614298,24.5,39.09999847,46.40000153,Carinated
Ca_154,Artec.Spider,AU12,Chert,Core-Tool,Other,Other,1-33%,Other,8960.771484,2642.2004,23.10000038,25.60000038,22.79999924,Carinated
Ca_155,Artec.Spider,AU12,Chert,Core-Tool,Flake,Optimal,0%,Complete,2322.587402,1115.36949,24,21.79999924,9.699999809,Carinated
Ca_156,Artec.Spider,AU12,Chert,Core-Tool,Other,Other,1-33%,Other,2462.423828,1119.727161,18.89999962,18.20000076,19.5,Carinated
Ca_157,Artec.Spider,AU12,Chert,Core-Tool,Flake,Semi-cortical,33-66%,Complete,2619.868408,1410.312073,12.69999981,19.5,12.60000038,Carinated
Ca_158,Artec.Spider,AU12,Chert,Tool,Flake,Optimal,0%,Complete,4144.159668,1605.494655,29.29999924,23.29999924,13.5,NA
Ca_159,Artec.Spider,AU12,Chert,Core-Tool,Flake,Undetermined,0%,Complete,2337.255371,1069.15383,12,23.60000038,23.39999962,Carinated
Ca_160,Artec.Spider,AU12,Jasper,Core-Tool,Flake,Semi-cortical,1-33%,Complete,4324.145996,1675.402398,31,26.60000038,14.30000019,Carinated
Ca_161,Artec.Spider,AU12,Chert,Core-Tool,Other,Other,33-66%,Other,3483.040771,1530.433362,30,24.70000076,11.39999962,Multi-platform
Ca_162,Artec.Spider,AU11,Chert,Tool,Blade,Optimal,0%,Complete,837.7981567,813.300498,30.5,14.10000038,4.300000191,NA
Ca_163,Artec.Spider,AU11,Chert,Tool,Blade,Optimal,0,Distal,3110.445068,1628.463724,37.40000153,24.89999962,10,NA
Ca_164,Artec.Spider,AU12,Chert,Tool,Blade,Optimal,0%,Complete,1887.519165,1889.500394,68.30000305,16.60000038,3.599999905,NA
Ca_165,Artec.Spider,AU12,Jasper,Tool,Flake,Optimal,0%,Complete,2575.018799,1513.413192,36,25.5,8.100000381,NA
Ca_166,Artec.Spider,AU13,Jasper,Tool,Blade,Optimal,0%,Distal,3569.992432,2399.151782,54.79999924,23.60000038,6.599999905,NA
Ca_167,Artec.Spider,AU13,Chert,Tool,Blade,Optimal,0%,Distal,1516.787476,1098.482779,35.70000076,14.60000038,4.800000191,NA
Ca_168,Artec.Spider,AU13,Chert,Tool,Blade,Optimal,0%,Proximal,2880.496826,1853.117954,44.5,22.60000038,5.900000095,NA
Ca_169,Artec.Spider,AU11,Chert,Tool,Blade,Maintenance,0%,Distal,3955.237061,2078.762299,50.29999924,20.20000076,7.400000095,NA
Ca_170,Artec.Spider,AU11,Jasper,Tool,Flake,Optimal,0%,Proximal,1288.262817,920.3571057,23.39999962,19.79999924,6.400000095,NA
Ca_171,Artec.Spider,AU11,Jasper,Tool,Flake,Optimal,0%,Complete,1958.586792,1231.76702,33,22.10000038,8.399999619,NA
Ca_172,Artec.Spider,AU11,Chert,Blank,Blade,Maintenance,33-66%,Mesial,4978.31543,2431.015036,49.59999847,24.29999924,10.60000038,NA
Ca_173,Artec.Spider,AU11,Chert,Tool,Blade,Optimal,0%,Mesial,1727.556152,1314.22107,35.09999847,17.79999924,5.300000191,NA
Ca_177,Artec.Spider,AU12,Jasper,Tool,Flake,Semi-cortical,1-33%,Complete,5401.664551,2242.365902,45.79999924,26.5,10.10000038,NA
Ca_178,Artec.Spider,AU12,Jasper,Tool,Flake,Semi-cortical,1-33%,Distal,2354.558838,1477.911417,32,25.60000038,6,NA
Ca_182,Artec.Spider,AU10,Jasper,Tool,Blade,Optimal,0%,Undetermined,892.2716675,752.0554275,31.70000076,12,5.800000191,NA
Ca_183,Artec.Spider,AU10,Chert,Tool,Flake,Maintenance,0%,Complete,2279.400146,1229.011794,34,20.29999924,7.900000095,NA
Ca_188,Artec.Spider,AU10,Quartzite,Tool,Flake,Optimal,0%,Proximal,587.7836914,601.1202109,17.5,19.60000038,4.599999905,NA
Ca_191,Artec.Spider,AU12,Limestone,Core,Other,Other,100%,Other,32531.86133,6488.72074,67.30000305,48.79999924,19.10000038,Tested
Ca_192,Artec.Spider,AU12,Jasper,Core,Other,Other,66-99%,Other,73402.58594,11378.64055,44,39,94,Tested
Ca_194,Artec.Spider,AU12,Chert,Tool,Blade,Optimal,0%,Proximal,1124.935791,1050.161707,34,21.20000076,3.299999952,NA
Ca_199,Artec.Spider,AU10,Chert,Tool,Flake,Optimal,0%,Complete,3253.911133,2058.968424,45,28,7,NA
Ca_203,Artec.Spider,AU11,Chert,Tool,Flake,Optimal,0%,Complete,492.0076294,468.4737607,16.79999924,15.69999981,4.099999905,NA
Ca_204,Artec.Spider,AU11,Chert,Core,Other,Other,1-33%,Other,46434.75391,9244.392112,65.5,57.59999847,22.39999962,Multidirectional
Ca_205,Artec.Spider,AU13,Chert,Core,Other,Other,0%,Other,37161.23828,7347.983515,62.29999924,46.79999924,35,Multidirectional
Ca_207,Artec.Spider,AU13,Quartzite,Core,Other,Other,33-66%,Other,42735.57422,7314.789655,60,49.70000076,36.09999847,Discoid
Ca_209,Artec.Spider,AU13,Quartzite,Core,Other,Other,33-66%,Other,14500.42969,3984.724525,41,42,18,Parallel
Ca_210,Artec.Spider,AU11,Chert,Core,Other,Other,33-66%,Other,17116.44922,4079.56438,46.29999924,39.70000076,23,Parallel
Ca_211,Artec.Spider,AU13,Chert,Core,Other,Other,1-33%,Other,6799.277344,2428.551247,31.10000038,35,14.30000019,Parallel
Ca_212,Artec.Spider,AU11,Chert,Core,Other,Other,66-99%,Other,12775.79297,3585.533624,45,37,18,Bipolar
Ca_213,Artec.Spider,AU13,Jasper,Core,Other,Other,0%,Other,4747.069336,1775.500593,17.39999962,25,32,Platform flake
Ca_214,Artec.Spider,AU12,Jasper,Core,Other,Other,33-66%,Other,90452.41406,13550.67369,71.30000305,69.19999695,34.70000076,Multidirectional
Ca_215,Artec.Spider,AU12,Chert,Core,Other,Other,66-99%,Other,73711.83594,9995.765123,55,50,43,Tested
Ca_216,Artec.Spider,AU12,Chert,Core,Other,Other,33-66%,Other,15214.80371,3688.450149,43,31,30,Multidirectional
Ca_217,Artec.Spider,AU12,Siliceous limestone,Core,Other,Other,33-66%,Other,24631.63672,5496.840507,61,35.70000076,26.20000076,Multidirectional
Ca_218,Artec.Spider,AU12,Jasper,Core,Other,Other,66-99%,Other,13073.15723,3410.762187,29,39.40000153,22.29999924,Platform flake
Ca_219,Artec.Spider,AU13,Chert,Core,Other,Other,33-66%,Other,10192.83105,2792.894525,34,33.40000153,22,Multidirectional
Ca_220,Artec.Spider,AU12,Chert,Core-Tool,Other,Other,33-66%,Other,23480.46094,5354.010323,29,41.09999847,52,Initial
Ca_221,Artec.Spider,AU13,Chert,Core,Other,Other,66-99%,Other,15202.92969,3508.623535,33.5,38.70000076,26.5,Initial
Ca_222,Artec.Spider,AU13,Chert,Core-Tool,Other,Other,0%,Other,8123.443359,2477.115906,24.39999962,32.09999847,23.29999924,Carinated
Ca_223,Artec.Spider,AU13,Siliceous limestone,Core,Other,Other,33-66%,Other,40897.13281,7278.911756,49,49.29999924,31.70000076,Platform flake
Ca_224,Artec.Spider,AU12,Chert,Core,Other,Other,33-66%,Other,43546.51953,8477.493176,40,49,66.30000305,Initial
Ca_225,Artec.Spider,AU11,Siliceous limestone,Core,Other,Other,66-99%,Other,36428.96484,6680.714103,58.70000076,31.10000038,40,Tested
Ca_226,Artec.Spider,AU12,Jasper,Pebble,Other,Other,66-99%,Other,18894.06836,3854.974385,39.5,33,32.70000076,NA
Ca_227,Artec.Spider,AU12,Jasper,Core,Other,Other,66-99%,Other,9530.813477,2708.96767,28,32.59999847,20.10000038,Tested
Ca_228,Artec.Spider,AU11,Chert,Core,Other,Other,66-99%,Other,14745.81152,3650.45025,33.79999924,34.59999847,26,Bipolar
Ca_229,Artec.Spider,AU13,Jasper,Core,Other,Other,0%,Other,7082.588379,2800.22926,45.20000076,33.09999847,12.89999962,Bipolar
Ca_230,Artec.Spider,AU13,Jasper,Core,Other,Other,0%,Other,5085.79834,2135.094729,25,34.59999847,12.39999962,Bipolar
Ca_231,Artec.Spider,AU13,Chert,Core,Other,Other,1-33%,Other,4181.955078,1632.590255,35,21,14.5,Bipolar
Ca_232,Artec.Spider,AU13,Jasper,Core,Other,Other,0%,Other,5084.104004,1827.887081,28.39999962,27,16.29999924,Bipolar
Ca_233,Artec.Spider,AU13,Chert,Core,Flake,Maintenance,0%,Complete,2659.619629,1242.070538,27.70000076,18,15.89999962,Bipolar
Ca_234,Artec.Spider,AU13,Jasper,Core,Other,Other,1-33%,Other,2685.308594,1360.905467,31.89999962,18.60000038,10.10000038,Bipolar
Ca_235,Artec.Spider,AU13,Jasper,Core,Other,Other,33-66%,Other,2934.264404,1385.55642,33.79999924,18.70000076,13,Bipolar
Ca_236,Artec.Spider,AU13,Jasper,Core,Other,Other,33-66%,Other,3401.877197,1396.987018,17.70000076,30.70000076,16,Bipolar
Ca_237,Artec.Spider,AU13,Jasper,Core,Other,Other,33-66%,Other,1844.560913,1019.016758,23.60000038,16.79999924,13.60000038,Bipolar
Ca_238,Artec.Spider,AU13,Jasper,Core,Other,Other,33-66%,Other,2138.616699,1084.460018,16.5,9,27.39999962,Bipolar
Ca_239,Artec.Spider,AU13,Jasper,Core,Other,Other,1-33%,Other,10235.75488,3662.583981,55.70000076,27,13.5,Bipolar
Ca_242,Artec.Spider,AU13,Chert,Core,Flake,Optimal,0%,Undetermined,4011.376953,1939.408495,39.79999924,23.89999962,9.600000381,Bipolar
Ca_245,Artec.Spider,AU13,Jasper,Tool,Flake,Undetermined,0%,Undetermined,2461.926514,1571.596532,29.89999962,27,8.100000381,NA
Ca_250,Artec.Spider,AU13,Jasper,Tool,Flake,Semi-cortical,1-33%,Complete,1744.920776,2246.758569,30.79999924,24.10000038,6,NA
Ca_251,Artec.Spider,AU13,Chert,Core,Other,Other,0%,Other,1209.586914,842.7606507,29,9.5,9.199999809,Bipolar
Ca_265,Artec.Spider,AU13,Jasper,Core,Other,Other,0%,Other,1057.151733,775.1988795,23.89999962,12.69999981,9.899999619,Bipolar
Ca_275,Artec.Spider,AU13,Chert,Core,Other,Other,0%,Other,3349.481689,1452.113883,30,21.29999924,13.5,Bipolar
Ca_276,Artec.Spider,AU13,Jasper,Core,Other,Other,1-33%,Other,2858.869629,1467.27416,33.20000076,22.39999962,11.5,Bipolar
Ca_278,Artec.Spider,AU13,Jasper,Blank,Flake,Optimal,0%,Proximal,2535.092529,1352.842881,27.70000076,26,13.39999962,NA
Ca_280,Artec.Spider,AU12,Jasper,Core,Other,Other,1-33%,Other,8857.977539,3105.106334,42.70000076,33.79999924,13,Bipolar
Ca_281,Artec.Spider,AU12,Jasper,Core,Other,Other,0%,Other,4857.268555,2133.833355,41.40000153,27,11.80000019,Bipolar
Ca_283,Artec.Spider,AU12,Jasper,Core,Other,Other,33-66%,Other,4277.669922,2142.385834,48.79999924,26.5,10.10000038,Bipolar
Ca_284,Artec.Spider,AU12,Chert,Core,Other,Other,0%,Other,4828.507813,2370.823319,39.09999847,33.20000076,10.69999981,Bipolar
Ca_287,Artec.Spider,AU12,Jasper,Core,Other,Other,1-33%,Other,3073.181641,1926.954167,35.79999924,24.89999962,6.900000095,Bipolar
Ca_288,Artec.Spider,AU12,Chert,Core,Other,Other,0%,Other,3323.704346,1530.295114,21.9,17,23.4,Narrow-sided
Ca_289,Artec.Spider,AU12,Jasper,Core,Other,Other,1-33%,Other,2650.982178,1323.640842,26.79999924,20.20000076,11.19999981,Bipolar
Ca_291,Artec.Spider,AU12,Jasper,Tool,Flake,Optimal,0%,Complete,897.4729614,816.777446,19.6,19.39999962,4.300000191,NA
Ca_293,Artec.Spider,AU12,Jasper,Tool,Flake,Optimal,0%,Complete,1056.415649,851.5295882,19.60000038,21.70000076,5.400000095,NA
Ca_300,Artec.Spider,AU12,Jasper,Core,Other,Other,0%,Other,627.5693359,624.1769642,27.79999924,11.19999981,4.300000191,Bipolar
Ca_304,Artec.Spider,AU12,Jasper,Core,Other,Other,1-33%,Other,1406.260864,844.643544,27.79999924,12,11,Bipolar
Ca_306,Artec.Spider,AU12,Jasper,Tool,Flake,Initialization,100%,Complete,2147.831787,1341.374658,29.10000038,25.39999962,6.5,NA
Ca_307,Artec.Spider,AU12,Chert,Core,Other,Other,33-66%,Other,19582.86328,4748.04928,56.79999924,30,26.39999962,Multidirectional
Ca_308,Artec.Spider,AU13,Quartzite,Core,Other,Other,66-99%,Other,20296.86523,4666.78112,40,33.70000076,25,Platform flake
Ca_309,Artec.Spider,AU13,Jasper,Core,Other,Other,33-66%,Other,17261.17773,4299.059664,38,23,41.59999847,Initial
Ca_310,Artec.Spider,AU12,Chert,Core,Other,Other,33-66%,Other,7469.563477,2560.873097,25,30.20000076,30.70000076,Multidirectional
Ca_311,Artec.Spider,AU13,Quartzite,Core,Other,Other,0%,Other,31685.23633,6488.624984,58,36,35,Multidirectional
Ca_312,Artec.Spider,AU11,Jasper,Core,Other,Other,33-66%,Other,13852.0332,4005.109319,44.09999847,38.20000076,18.70000076,Platform flake
Ca_313,Artec.Spider,AU13,Chert,Core,Other,Other,33-66%,Other,13378.32813,3798.520868,33.40000153,43,23,Platform flake
Ca_314,Artec.Spider,AU13,Chert,Core-Tool,Other,Other,0%,Other,4126.805176,1718.443829,34.29999924,28.29999924,15.19999981,Carinated
Ca_315,Artec.Spider,AU11,Jasper,Core,Other,Other,0%,Other,6320.495117,2112.859685,32,25.89999962,21,Initial
Ca_316,Artec.Spider,AU12,Chert,Core,Other,Other,1-33%,Other,27099.54297,5548.449608,44.5,42.59999847,35.79999924,Multidirectional
Ca_317,Artec.Spider,AU12,Chert,Core,Other,Other,1-33%,Other,23881.27344,5559.573383,48.70000076,43,25,Platform flake
Ca_318,Artec.Spider,AU13,Siliceous limestone,Core,Other,Other,0%,Other,15793.75391,3854.103907,47.09999847,31.70000076,23,Semi-circumferential
Ca_319,Artec.Spider,AU11,Chert,Core,Other,Other,33-66%,Other,28308.71484,6539.5119,72.30000305,26.79999924,34,Bipolar
Ca_320,Artec.Spider,AU12,Jasper,Core,Other,Other,1-33%,Other,7437.748047,2347.249029,33.79999924,26.70000076,22.29999924,Semi-circumferential
Ca_321,Artec.Spider,AU13,Jasper,Core,Other,Other,0%,Other,3050.858398,1444.869361,28.79999924,21.39999962,17,Semi-circumferential
Ca_322,Artec.Spider,AU12,Chert,Core,Other,Other,1-33%,Other,5302.193848,1893.982369,32.59999847,22.70000076,17.70000076,Initial
Ca_323,Artec.Spider,AU13,Chert,Core,Other,Other,0%,Other,2715.776367,1352.421438,22.60000038,18.20000076,24.29999924,Narrow-sided
Ca_324,Artec.Spider,AU12,Jasper,Core,Other,Other,1-33%,Other,6238.23877,2187.719264,24.29999924,34.29999924,28,Semi-circumferential
Ca_325,Artec.Spider,AU12,Chert,Core,Other,Other,66-99%,Other,40014.88672,6895.884934,53.70000076,47.29999924,34.79999924,Initial
Ca_326,Artec.Spider,AU12,Chert,Core,Other,Other,0%,Other,13187.59277,3628.112667,48.59999847,24.10000038,19.89999962,Bipolar
Ca_327,Artec.Spider,AU12,Jasper,Core,Other,Other,33-66%,Other,4103.523926,1811.343647,34.90000153,19,10.60000038,Bipolar
Ca_328,Artec.Spider,AU12,Chert,Core,Other,Other,1-33%,Other,3524.308105,1493.98058,32.79999924,18,13.89999962,Shatter
Ca_329,Artec.Spider,AU12,Jasper,Core,Other,Other,33-66%,Other,10245.92285,3258.220686,44.29999924,36,15.80000019,Parallel
Ca_330,Artec.Spider,AU12,Siliceous limestone,Core,Other,Other,33-66%,Other,15253.05371,3449.83888,35,38.09999847,25.89999962,Discoid
Ca_331,Artec.Spider,AU13,Chert,Core,Other,Other,33-66%,Other,18277.73828,4259.055774,43.59999847,38.20000076,25.79999924,Multidirectional
Ca_332,Artec.Spider,AU13,Jasper,Core,Other,Other,33-66%,Other,35759.65625,6708.068897,44.59999847,49.70000076,52.09999847,Platform flake
Ca_333,Artec.Spider,AU12,Jasper,Core,Other,Other,0%,Other,15217.5498,4014.518449,31,36,23.5,Multidirectional
Ca_334,Artec.Spider,AU12,Chert,Core,Other,Other,1-33%,Other,17264.77734,4463.125885,38.20000076,38.20000076,28.79999924,Multidirectional
Ca_335,Artec.Spider,AU11,Jasper,Core,Other,Other,1-33%,Other,8405.554688,2441.172845,30,27,22.60000038,Multidirectional
Ca_336,Artec.Spider,AU12,Jasper,Core,Other,Other,33-66%,Other,11420.21777,3151.936173,31,29,22,Platform flake
Ca_338,Artec.Spider,AU12,Chert,Core,Other,Other,33-66%,Other,6965.791504,2529.883393,38.5,32.5,12.60000038,Bipolar
Ca_339,Artec.Spider,AU11,Siliceous limestone,Core,Other,Other,33-66%,Other,3784.645264,2053.618005,34.70000076,28.70000076,8.600000381,Bipolar
Ca_341,Artec.Spider,AU11,Chert,Core,Flake,Semi-cortical,1-33%,Complete,2235.781494,1202.765772,19,30,9.600000381,Bipolar
Ca_342,Artec.Spider,AU11,Jasper,Core,Flake,Semi-cortical,1-33%,Undetermined,2335.856934,1370.911128,25.10000038,25.60000038,9.5,Bipolar
Ca_345,Artec.Spider,AU11,Chert,Tool,Flake,Optimal,0%,Complete,1459.15686,1051.94867,22.5,21,6.300000191,NA
Ca_348,Artec.Spider,AU11,Chert,Core,Other,Other,0%,Other,938.951355,658.3345923,24,10.5,7.800000191,Bipolar
Ca_349,Artec.Spider,AU11,Jasper,Core,Other,Other,0%,Other,2741.130615,1344.476038,32.70000076,14.89999962,12.5,Bipolar
Ca_350,Artec.Spider,AU11,Quartzite,Core,Other,Other,0%,Other,2194.633301,1224.484716,29.29999924,21,8,Bipolar
Ca_353,Artec.Spider,AU10,Jasper,Core,Other,Other,0%,Other,1215.631836,834.4801316,21.60000038,17.70000076,10.5,Bipolar
Ca_357,Artec.Spider,AU13,Jasper,Blank,Blade,Semi-cortical,1-33%,Proximal,1542.03064,1023.046813,30.20000076,17.29999924,7.199999809,NA
Ca_358,Artec.Spider,AU13,Chert,Blank,Flake,Semi-cortical,1-33%,Complete,1037.496582,907.2035093,27.29999924,18.29999924,4.699999809,NA
Ca_359,Artec.Spider,AU13,Chert,Blank,Flake,Semi-cortical,1-33%,Complete,1427.53479,1108.978859,33,19,5.800000191,NA
Ca_360,Artec.Spider,AU11,Jasper,Core-Tool,Flake,Semi-cortical,1-33%,Mesial,13750.78223,4303.891408,54.90000153,18,39.70000076,Burin core
Ca_361,Artec.Spider,AU13,Chert,Core-Tool,Other,Other,0%,Other,7424.905762,2346.564878,30.60000038,19.5,29.29999924,Carinated
Ca_362,Artec.Spider,AU12,Chert,Core-Tool,Flake,Semi-cortical,33-66%,Undetermined,4944.375,1943.378484,30.5,14,33.90000153,Carinated
Ca_363,Artec.Spider,AU11,Chert,Core-Tool,Other,Other,1-33%,Other,4001.938477,1682.525827,16.20000076,22.10000038,27,Carinated
Ca_364,Artec.Spider,AU13,Chert,Core-Tool,Other,Other,1-33%,Other,18557.53125,4487.518901,22.60000038,36.29999924,23,Initial
Ca_369,Artec.Spider,AU12,Chert,Tool,Blade,Optimal,0%,Complete,2055.752197,1331.209903,41.5,16.79999924,6.400000095,NA
Ca_370,Artec.Spider,AU11,Chert,Tool,Blade,Semi-cortical,33-66%,Complete,1557.987915,1105.517369,40.20000076,12.10000038,6.900000095,NA
Ca_371,Artec.Spider,AU11,Jasper,Tool,Flake,Maintenance,0%,Complete,2591.940918,1428.406362,39,20.60000038,8.699999809,NA
Ca_372,Artec.Spider,AU13,Jasper,Tool,Other,Other,66-99%,Other,33811.83203,6990.253322,66.5,53.59999847,18.20000076,NA
Ca_373,Artec.Spider,AU13,Chert,Tool,Flake,Semi-cortical,1-33%,Complete,11304.70508,4267.81888,67.09999847,34.20000076,12.69999981,NA
Ca_374,Artec.Spider,AU11,Chert,Blank,Flake,Optimal,0%,Complete,3754.79126,2849.984694,44.29999924,36.59999847,5,NA
Ca_378,Artec.Spider,AU12,Jasper,Core,Other,Other,1-33%,Other,2118.713379,1262.542709,26,21.79999924,8.899999619,Bipolar
Ca_379,Artec.Spider,AU12,Jasper,Core,Other,Other,1-33%,Other,4259.614746,1702.881986,26.70000076,26,16.20000076,Bipolar
Ca_380,Artec.Spider,AU13,Jasper,Core,Other,Other,0%,Other,1794.3396,1057.832596,24.10000038,20.70000076,8.300000191,Bipolar
Ca_381,Artec.Spider,AU13,Jasper,Core,Other,Other,0%,Other,1413.050781,1029.429658,34.5,14,8.800000191,Bipolar
Ca_382,Artec.Spider,AU12,Jasper,Core,Other,Other,0%,Other,688.326355,519.037699,22,8.5,7.900000095,Bipolar
Ca_383,Artec.Spider,AU12,Quartzite,Tool,Blade,Optimal,0%,Complete,7823.672852,3461.004965,63.29999924,24.60000038,9.800000191,NA
Ca_384,Artec.Spider,AU12,Jasper,Tool,Blade,Optimal,0%,Complete,3484.947998,2125.2879,53.90000153,21.10000038,6.099999905,NA
Ca_385,Artec.Spider,AU12,Quartzite,Tool,Blade,Optimal,0%,Proximal,4223.986816,2239.638554,44.79999924,25.29999924,7,NA
Ca_386,Artec.Spider,AU12,Jasper,Tool,Blade,Optimal,0%,Complete,2793.221924,1888.056324,48.90000153,21.10000038,5,NA
Ca_388,Artec.Spider,AU12,Jasper,Tool,Blade,Maintenance,33-66%,Mesial,2565.918701,1520.476233,46.5,13.30000019,8,NA
Ca_389,Artec.Spider,AU12,Jasper,Tool,Blade,Semi-cortical,1-33%,Complete,819.2695313,865.5580962,36,13.60000038,3.799999952,NA
Ca_392,Artec.Spider,AU13,Chert,Tool,Blade,Semi-cortical,1-33%,Complete,6946.201172,3120.399457,65.5,23.39999962,12,NA
Ca_395,Artec.Spider,AU13,Jasper,Tool,Blade,Maintenance,1-33%,Complete,4031.341064,2209.933218,50.09999847,18.29999924,12.10000038,NA
Ca_396,Artec.Spider,AU13,Jasper,Tool,Blade,Semi-cortical,33-66%,Complete,6769.893066,2833.015437,55.70000076,27.20000076,11.30000019,NA
Ca_397,Artec.Spider,AU13,Quartzite,Core-Tool,Flake,Semi-cortical,1-33%,Undetermined,9859.675781,2958.241772,31.5,21,45,Carinated
Ca_398,Artec.Spider,AU13,Jasper,Core-Tool,Flake,Semi-cortical,33-66%,Undetermined,4201.271973,1685.887866,28.89999962,15.60000038,22.10000038,Multi-platform
Ca_399,Artec.Spider,AU13,Chert,Core-Tool,Flake,Optimal,0%,Undetermined,9332.424805,3495.771374,52.40000153,21.10000038,31.10000038,Initial
Ca_400,Artec.Spider,AU13,Chert,Core-Tool,Flake,Optimal,0%,Undetermined,2963.570068,1506.60361,19,14,38.5,Carinated
Ca_401,Artec.Spider,AU13,Jasper,Core-Tool,Flake,Optimal,0%,Undetermined,2699.508057,1325.676503,32.29999924,11.60000038,18.70000076,Narrow-sided
Ca_402,Artec.Spider,AU13,Chert,Core,Flake,Undetermined,0%,Undetermined,3835.812988,1676.862091,36,22,13.10000038,Bipolar
Ca_403,Artec.Spider,AU11,Chert,Tool,Flake,Optimal,0%,Complete,2719.49292,1593.557107,44,23.29999924,9.699999809,NA
Ca_404,Artec.Spider,AU11,Jasper,Tool,Flake,Semi-cortical,33-66%,Mesial,2398.004639,1258.438673,37.29999924,16.5,10.89999962,NA
Ca_405,Artec.Spider,AU11,Chert,Tool,Flake,Optimal,0%,Mesial,1970.54541,1103.507208,23.29999924,12.39999962,18.20000076,NA
Ca_406,Artec.Spider,AU12,Chert,Tool,Flake,Initialization,66-99%,Complete,4905.21875,2014.323635,23,14.5,35.70000076,NA
Ca_407,Artec.Spider,AU12,Jasper,Tool,Blade,Optimal,0%,Mesial,1718.432373,1114.49446,27.10000038,20.89999962,9.5,NA
Ca_408,Artec.Spider,AU12,Chert,Tool,Flake,Optimal,0%,Proximal,1061.706055,766.1151752,28.70000076,11.39999962,7.199999809,NA
Ca_409,Artec.Spider,AU12,Chert,Tool,Flake,Optimal,0%,Distal,1788.859497,985.9086379,24.79999924,17.89999962,9.699999809,NA
Ca_410,Artec.Spider,AU11,Jasper,Tool,Flake,Undetermined,0%,Undetermined,1383.870483,902.1568375,21.20000076,16.29999924,11.30000019,NA
Ca_411,Artec.Spider,AU12,Chert,Tool,Flake,Maintenance,1-33%,Complete,2558.165039,1319.78863,32.90000153,22.10000038,8.699999809,NA
Ca_412,Artec.Spider,AU12,Jasper,Core-Tool,Other,Other,33-66%,Other,1556.019287,930.4657426,25.39999962,10.39999962,11.89999962,Burin core
Ca_417,Artec.Spider,AU12,Siliceous limestone,Tool,Flake,Semi-cortical,33-66%,Complete,20273.87305,6013.885422,73.5,45.90000153,15.19999981,NA
Ca_418,Artec.Spider,AU12,Chert,Tool,Flake,Initialization,100%,Complete,5416.212402,2279.773202,46.70000076,24,10,NA
Ca_423,Artec.Spider,AU12,Chert,Tool,Flake,Initialization,100%,Complete,2216.241211,1307.561068,32.59999847,22.79999924,6.599999905,NA
Ca_432,Artec.Spider,AU12,Chert,Tool,Flake,Maintenance,1-33%,Complete,3963.174561,1814.279341,37.79999924,25,10.30000019,NA
Ca_433,Artec.Spider,AU12,Chert,Tool,Flake,Maintenance,1-33%,Complete,16367.58105,5135.282407,60.5,43.70000076,16.89999962,NA
Ca_434,Artec.Spider,AU13,Jasper,Tool,Flake,Optimal,0%,Proximal,1701.425049,1449.021876,27.5,27,6.099999905,NA
Ca_436,Artec.Spider,AU13,Jasper,Tool,Flake,Initialization,66-99%,Complete,5579.08252,2449.439335,41.09999847,30.79999924,10.80000019,NA
Ca_447,Artec.Spider,AU11,Jasper,Core,Other,Other,66-99%,Other,8369.113281,2509.428869,40.70000076,32.20000076,16.79999924,Tested
Ca_448,Artec.Spider,AU13,Chert,Core-Tool,Other,Other,33-66%,Other,12040.91602,3354.267561,24.29999924,23.20000076,20.10000038,Initial
Ca_449,Artec.Spider,AU10,Chert,Core-Tool,Flake,Optimal,0%,Distal,5770.73291,2245.931008,13.89999962,33,32.40000153,Initial
Ca_450,Artec.Spider,AU11,Chert,Blank,Blade,Maintenance,66-99%,Complete,8172.747559,3324.978466,63,28.70000076,13.5,NA
Ca_451,Artec.Spider,AU13,Jasper,Blank,Blade,Maintenance,1-33%,Complete,1980.639038,1656.751249,52.90000153,14.89999962,4.300000191,NA
Ca_452,Artec.Spider,AU13,Jasper,Blank,Flake,Optimal,0%,Complete,3203.574951,1758.175428,42.40000153,23,8,NA
Ca_453,Artec.Spider,AU12,Jasper,Tool,Blade,Optimal,0%,Complete,1405.624634,1349.626833,42.59999847,19.5,4.099999905,NA
Ca_458,Artec.Spider,AU11,Quartzite,Tool,Blade,Initialization,66-99%,Distal,2844.022217,1641.610344,37.70000076,23.70000076,6.699999809,NA
Ca_464,Artec.Spider,AU13,Chert,Core,Flake,Semi-cortical,33-66%,Complete,16578.0957,4189.11346,24,40,43.40000153,Multidirectional
Ca_466,Artec.Spider,AU13,Chert,Core,Flake,Semi-cortical,33-66%,Complete,86567.02344,13320.95226,96.59999847,63.79999924,37,Multidirectional
Ca_467,Artec.Spider,AU12,Quartzite,Blank,Flake,Maintenance,0%,Complete,4415.00293,2283.615361,45.59999847,41.20000076,10.60000038,NA
Ca_469,Artec.Spider,AU11,Quartzite,Blank,Flake,Maintenance,1-33%,Complete,2825.927979,1893.226851,45.09999847,22.70000076,5.800000191,NA
Ca_470,Artec.Spider,AU13,Jasper,Blank,Blade,Optimal,0%,Complete,1999.907837,1635.935372,49.29999924,17.29999924,6.400000095,NA
Ca_472,Artec.Spider,AU13,Jasper,Tool,Blade,Optimal,0%,Proximal,2230.5271,1683.538497,43.09999847,21.70000076,5.400000095,NA
Ca_473,Artec.Spider,AU13,Jasper,Blank,Blade,Optimal,0%,Complete,1270.707275,1117.747061,44,14.30000019,5.300000191,NA
Ca_474,Artec.Spider,AU13,Chert,Blank,Bladelet,Maintenance,1-33%,Complete,438.852478,642.3263196,38,8,3.900000095,NA
Ca_483,Artec.Spider,AU11,Siliceous limestone,Tool,Flake,Optimal,0%,Complete,4074.656494,1904.633758,34.20000076,26.5,9.199999809,NA
Ca_485,Artec.Spider,AU11,Chert,Blank,Flake,Maintenance,0%,Complete,983.666687,792.7099565,26.10000038,16.60000038,7,NA
Ca_487,Artec.Spider,AU11,Jasper,Tool,Flake,Semi-cortical,1-33%,Complete,3428.023193,1528.848237,24.79999924,28.79999924,9.399999619,NA
Ca_489,Artec.Spider,AU11,Jasper,Tool,Flake,Optimal,0%,Complete,2749.303711,1633.346837,28.29999924,31.20000076,8.600000381,NA
Ca_497,Artec.Spider,AU12,Jasper,Blank,Flake,Maintenance,0%,Complete,675.2906494,719.4665151,23.29999924,19.5,4.5,NA
Ca_501,Artec.Spider,AU11,Chert,Core,Flake,Semi-cortical,33-66%,Undetermined,12327.87402,3957.265942,51,38.70000076,18.10000038,Parallel
Ca_502,Artec.Spider,AU11,Jasper,Core-Tool,Flake,Semi-cortical,33-66%,Complete,4842.364746,1973.597122,16.70000076,31.20000076,30.60000038,Carinated
Ca_503,Artec.Spider,AU12,Chert,Blank,Flake,Initialization,100%,Complete,3852.720947,1888.696762,44,21.39999962,8.199999809,NA
Ca_505,Artec.Spider,AU11,Jasper,Tool,Flake,Initialization,66-99%,Complete,7355.334961,2621.112554,40.29999924,31.39999962,13.39999962,NA
Ca_506,Artec.Spider,AU11,Chert,Blank,Flake,Optimal,0%,Complete,5138.83252,2439.591553,37.29999924,40.29999924,9.399999619,NA
Ca_507,Artec.Spider,AU12,Siliceous limestone,Blank,Flake,Maintenance,0%,Complete,5217.312012,2300.338162,42.79999924,25.29999924,12.60000038,NA
Ca_508,Artec.Spider,AU11,Jasper,Tool,Flake,Semi-cortical,33-66%,Distal,3739.63916,1578.451586,23.39999962,28.29999924,12.19999981,NA
Ca_517,Artec.Spider,AU12,Jasper,Blank,Blade,Maintenance,0%,Proximal,673.2589722,765.6203406,29.39999962,12.39999962,4.599999905,NA
Ca_518,Artec.Spider,AU12,Chert,Tool,Flake,Optimal,0%,Complete,1402.165771,892.3327728,22.5,20.70000076,8.5,NA
Ca_519,Artec.Spider,AU10,Chert,Core,Other,Other,0%,Other,1137.156006,720.8571876,28.79999924,9.899999619,9.899999619,Bipolar
Ca_520,Artec.Spider,AU13,Jasper,Core,Other,Other,1-33%,Other,1527.863892,830.1768349,21.89999962,9.399999619,16,Bipolar
Ca_521,Artec.Spider,AU10,Chert,Core,Other,Other,0%,Other,1758.684204,1032.505159,24.60000038,17.70000076,11.39999962,Bipolar
Ca_522,Artec.Spider,AU12,Jasper,Core,Other,Other,1-33%,Other,4915.174805,2145.169764,38.70000076,28.60000038,12.69999981,Bipolar
Ca_523,Artec.Spider,AU12,Jasper,Core,Flake,Undetermined,33-66%,Complete,5280.525879,2082.890373,40.40000153,20.60000038,15.19999981,Multidirectional
Ca_524,Artec.Spider,AU11,Jasper,Core,Other,Other,0%,Other,3116.657715,1514.66219,39.79999924,11.69999981,14.5,Narrow-sided
Ca_525,Artec.Spider,AU12,Jasper,Blank,Flake,Optimal,0%,Complete,2692.328613,1483.843235,33.40000153,18.60000038,7.5,NA
Ca_526,Artec.Spider,AU12,Jasper,Core,Other,Other,1-33%,Other,3468.241699,1536.018899,33,15.5,16.89999962,Bipolar
Ca_527,Artec.Spider,AU10,Chert,Blank,Flake,Maintenance,0%,Complete,1642.555054,1401.881265,29.60000038,25.89999962,3.700000048,NA
Ca_528,Artec.Spider,AU11,Chert,Core,Other,Other,0%,Other,7607.953613,2605.245588,34.20000076,36.90000153,23.20000076,Bipolar
Ca_529,Artec.Spider,AU13,Chert,Core,Other,Other,0%,Other,9420.744141,2982.752626,32.5,43.90000153,25,Multidirectional
Ca_530,Artec.Spider,AU11,Chert,Core,Other,Other,66-99%,Other,70584.39063,12367.35187,87.6,47,43,Tested
Ca_689,Artec.Micro,AU13,Chert,Core,Other,Other,66-99%,Other,10675.14746,2991.684901,34.20000076,28.5,24.5,Tested
Ca_716,Artec.Micro,AU13,Chert,Core,Other,Other,0%,Other,6610.796875,2266.952515,33.59999847,24.5,20.10000038,Multidirectional
Ca_759,Artec.Micro,AU12,Chert,Core,Other,Other,0%,Other,3452.803467,1464.056646,33,19,10,Wide-faced
Ca_771,Artec.Micro,AU11,Jasper,Core,Other,Other,33-66%,Other,6766.644531,2124.397955,35.20000076,16.29999924,24.89999962,Shatter
Ca_855,Artec.Micro,AU10,Jasper,Core,Other,Other,0%,Other,4215.058594,1757.280232,33,14.39999962,16.79999924,Narrow-sided
Ca_914,Artec.Micro,AU13,Jasper,Core,Other,Other,33-66%,Other,6885.767578,2339.888783,34.70000076,26,19,Shatter
Ca_1026,Artec.Micro,AU13,Jasper,Core,Other,Other,1-33%,Other,2212.939697,1078.85197,26.20000076,18.39999962,18.89999962,Shatter laminar
Ca_1027,Artec.Micro,AU13,Jasper,Core-Tool,Other,Other,33-66%,Other,4608.725586,1815.889602,14.39999962,20.60000038,15.60000038,Initial
Ca_1290,Artec.Micro,AU13,Jasper,Core,Other,Other,66-99%,Other,3625.981445,1476.519698,32.40000153,22.5,11.60000038,Tested
Ca_1347,Artec.Micro,AU11,Jasper,Core,Other,Other,66-99%,Other,2505.626465,1018.757725,26.70000076,14.80000019,12.89999962,Tested
Ca_1487,Artec.Micro,AU11,Jasper,Core,Flake,Semi-cortical,33-66%,Complete,4987.880859,1879.225511,27,35.90000153,17.70000076,Multidirectional
Ca_1488,Artec.Micro,AU11,Jasper,Core-Tool,Flake,Semi-cortical,33-66%,Undetermined,2970.395508,1313.471891,16.60000038,21.79999924,24.29999924,Carinated
Ca_1493,Artec.Micro,AU12,Chert,Tool,Flake,Semi-cortical,33-66%,Distal,1605.016357,917.7232273,21.39999962,19.39999962,7.699999809,NA
Ca_1494,Artec.Micro,AU12,Chert,Core-Tool,Flake,Undetermined,0%,Complete,7310.231934,2555.016442,19.79999924,20.39999962,47,Carinated
Ca_1495,Artec.Micro,AU13,Chert,Core-Tool,Flake,Semi-cortical,1-33%,Complete,3527.0271,1518.423502,14.69999981,26.29999924,15.80000019,Carinated
Ca_1501,Artec.Micro,AU12,Jasper,Core,Other,Other,33-66%,Other,12849.00098,3545.400753,39.79999924,49,17,Bipolar
Ca_1502,Artec.Micro,AU10,Chert,Core-Tool,Flake,Optimal,0%,Complete,4967.229492,1863.164409,14.60000038,25.10000038,30.79999924,Carinated
Ca_1503,Artec.Micro,AU10,Chert,Tool,Blade,Optimal,0%,Distal,1079.998291,790.3356286,NA,18.5,7.300000191,NA
Ca_1504,Artec.Micro,AU13,Chert,Core-Tool,Flake,Optimal,0%,Undetermined,3770.031494,1561.686974,13.30000019,22,31.70000076,Carinated
Ca_1505,Artec.Micro,AU10,Chert,Tool,Flake,Optimal,0%,Complete,1547.453003,910.8757236,20.20000076,20.10000038,6.699999809,NA
Ca_1506,Artec.Micro,AU13,Chert,Tool,Flake,Initialization,66-99%,Complete,7634.987305,2651.120463,54.20000076,22.5,13.5,NA
Ca_1508,Artec.Micro,AU11,Jasper,Tool,Flake,Undetermined,0%,Complete,4997.956055,2073.722896,40.70000076,20.60000038,14.10000038,NA
Ca_1509,Artec.Micro,AU10,Chert,Core-Tool,Flake,Optimal,0%,Complete,7816.996094,2503.842617,23,33.59999847,32.40000153,Carinated
Ca_1510,Artec.Micro,AU10,Jasper,Tool,Flake,Optimal,0%,Complete,3460.827148,1457.628233,26.20000076,27.20000076,13.69999981,NA
Ca_1511,Artec.Micro,AU10,Chert,Core,Other,Other,1-33%,Other,7856.020996,2352.821708,35.09999847,25.29999924,23.20000076,Semi-circumferential
Ca_1512,Artec.Micro,AU10,Jasper,Core,Flake,Optimal,0%,Undetermined,2798.08252,1342.657858,29.20000076,23.79999924,14.89999962,Bipolar
Ca_1513,Artec.Micro,AU11,Chert,Core,Other,Other,0%,Other,5001.072266,1792.232427,30.29999924,25.79999924,19.5,Platform flake
Ca_1514,Artec.Micro,AU10,Chert,Tool,Flake,Optimal,0%,Complete,762.1557617,549.8701607,17.29999924,17.5,5.900000095,NA
Ca_1515,Artec.Micro,AU10,Chert,Tool,Flake,Undetermined,0%,Distal,3384.741943,1882.468512,42.90000153,26.79999924,7.199999809,NA
Ca_1516,Artec.Micro,AU10,Chert,Core-Tool,Flake,Optimal,0%,Undetermined,3430.317871,1554.960051,15.10000038,25.20000076,11.19999981,Carinated
Ca_1517,Artec.Micro,AU10,Jasper,Core-Tool,Flake,Optimal,0%,Complete,1080.287231,696.052213,9.100000381,17.5,19.39999962,Carinated
Ca_1518,Artec.Micro,AU11,Chert,Core-Tool,Flake,Optimal,0%,Complete,2322.806885,1173.199299,10.19999981,21.79999924,25,Carinated
Ca_1519,Artec.Micro,AU10,Jasper,Tool,Flake,Undetermined,0%,Complete,1019.693909,683.9312047,19.79999924,17,9,NA
Ca_1521,Artec.Micro,AU10,Chert,Tool,Flake,Optimal,0%,Complete,2676.099365,1301.132754,29.70000076,20.29999924,10.39999962,NA
Ca_1522,Artec.Micro,AU11,Jasper,Core-Tool,Blade,Semi-cortical,33-66%,Distal,1758.616577,1072.691559,10.5,16.39999962,7.5,Carinated
Ca_1524,Artec.Micro,AU10,Jasper,Core-Tool,Flake,Semi-cortical,1-33%,Complete,1745.268799,895.2197041,18.70000076,17.5,17.79999924,Carinated
Ca_1525,Artec.Micro,AU10,Chert,Tool,Flake,Semi-cortical,33-66%,Complete,2035.922241,1089.03126,27,17.29999924,6.599999905,NA
Ca_1526,Artec.Micro,AU10,Quartzite,Core,Other,Other,0%,Other,2927.208252,1352.707014,32.29999924,23.60000038,13.80000019,Parallel
Ca_1527,Artec.Micro,AU10,Jasper,Tool,Flake,Optimal,0%,Complete,1442.835938,814.4264143,23,16.79999924,7.900000095,NA
Ca_1528,Artec.Micro,AU10,Chert,Blank,Flake,Maintenance,0%,Complete,922.4997559,648.1758049,14.60000038,19,8.800000191,NA
Ca_1529,Artec.Micro,AU10,Chert,Tool,Bladelet,Optimal,0%,Proximal,136.5961456,205.5684949,15.10000038,6.099999905,2.599999905,NA
Ca_1531,Artec.Micro,AU10,Unknown,Core,Other,Other,0%,Other,6108.395508,2251.108334,35.59999847,29.5,16.39999962,Multidirectional
Ca_1532,Artec.Micro,AU10,Chert,Core,Other,Other,0%,Other,6352.922852,2191.784972,40.90000153,24.60000038,19.79999924,Multidirectional
Ca_1533,Artec.Micro,AU10,Jasper,Core-Tool,Flake,Semi-cortical,1-33%,Undetermined,4730.017578,1784.76396,21.5,25.5,29.20000076,Carinated
Ca_1534,Artec.Micro,AU10,Chert,Core,Other,Other,0%,Other,6870.780762,2224.378259,26.20000076,32.90000153,20.20000076,Bipolar
Ca_1535,Artec.Micro,AU10,Unknown,Core,Other,Other,1-33%,Other,17088.49023,3740.131282,31.10000038,38.40000153,37.90000153,Shatter laminar
Ca_1536,Artec.Micro,AU10,Jasper,Core,Other,Other,0%,Other,3873.097168,1539.600804,29.89999962,21.70000076,14,Multidirectional
Ca_1537,Artec.Micro,AU11,Chert,Core-Tool,Flake,Semi-cortical,1-33%,Undetermined,2476.556152,1091.593026,13,21.60000038,21.5,Carinated
Ca_1538,Artec.Micro,AU11,Jasper,Core-Tool,Other,Other,33-66%,Other,8677.043945,2414.651108,18,27.5,37.5,Carinated
Ca_1539,Artec.Micro,AU10,Chert,Core,Other,Other,0,Other,10834.14258,3118.548628,37.79999924,31.70000076,16.39999962,Multidirectional
Ca_1541,Artec.Micro,AU10,Chert,Blank,Flake,Semi-cortical,33-66%,Complete,16532.08984,5037.783935,52,45.70000076,16.39999962,NA
