ID,NR,Scanner,Unit,Raw material,Class,Technology/Core.type,Length,Width,Thickness,Tool
RF.b_10019,10019,Micro-CT,D3d.base,Maiolica,Bladelet,Non-cortical,16.7,5.1,1.5,Yes
RF.b_10034,10034,Micro-CT,D3d,Maiolica,Bladelet,Non-cortical,18.7,4.9,1.4,Yes
RF.b_10047,10047,Micro-CT,D3d.base,Maiolica,Bladelet,Non-cortical,25.9,5.7,1.6,Yes
RF.b_10059,10059,Micro-CT,D3b,Maiolica,Bladelet,Non-cortical,20.3,3.7,0.5,No
RF.b_10064,10064,Micro-CT,D3d.base,Maiolica,Bladelet,Non-cortical,32.5,7.3,1.9,No
RF.b_10067,10067,Micro-CT,D3d.base,Maiolica,Bladelet,Maintenance,29.3,9.5,3.1,No
RF.b_10070,10070,Artec.Spider,D3b.alpha,Maiolica,Blade,Semi-cortical,39.4,13.4,4.6,No
RF.b_10205,10205,Artec.Spider,D1,Maiolica,Flake,Maintenance,na,40,12.60000038,No
RF.b_10273,10273,Artec.Spider,D1d,Maiolica,Bladelet,Non-cortical,52.5,10.69999981,4.5,No
RF.b_10349,10349,Artec.Spider,A1,Maiolica,Blade,Maintenance,44.8,21.0,7.1,No
RF.b_10350,10350,Artec.Spider,A1,Scaglia.Variegata,Blade,Non-cortical,44.6,14.7,4.0,No
RF.b_10351,10351,Artec.Spider,A1,Maiolica,Blade,Maintenance,64.8,24.6,12.3,No
RF.b_10352,10352,Artec.Spider,A1,Scaglia.Rossa,Blade,Semi-cortical,42.0,15.3,4.4,No
RF.b_10353,10353,Artec.Spider,A1,Maiolica,Blade,Non-cortical,39.3,17.7,6.7,No
RF.b_10354,10354,Artec.Spider,A2,Maiolica,Blade,Maintenance,76.1,29.2,13.8,No
RF.b_10355,10355,Artec.Spider,A2,Maiolica,Blade,Non-cortical,61.4,25.1,8.7,No
RF.b_10356,10356,Artec.Spider,A2,Maiolica,Blade,Non-cortical,40.2,16.3,3.8,No
RF.b_10357,10357,Artec.Spider,A2,Scaglia.Rossa,Blade,Semi-cortical,56.3,21.2,9.2,No
RF.b_10358,10358,Artec.Spider,A2,Scaglia.Variegata,Blade,Non-cortical,49.3,16.9,5.3,No
RF.b_10359,10359,Artec.Spider,A2,Maiolica,Blade,Maintenance,43.0,14.6,5.1,No
RF.b_10360,10360,Artec.Spider,A2,Maiolica,Blade,Semi-cortical,37.0,15.5,6.0,No
RF.b_10361,10361,Artec.Spider,A2,Maiolica,Blade,Semi-cortical,67.5,29.6,8.8,No
RF.b_10362,10362,Artec.Spider,A2,Maiolica,Blade,Maintenance,65.1,21.5,10.9,No
RF.b_10363,10363,Micro-CT,D3d.base,Eocenic,Blade,Non-cortical,48.1,13.2,2.6,No
RF.b_10364,10364,Micro-CT,D3d.base,Maiolica,Blade,Non-cortical,47.5,19.2,6.2,No
RF.b_10365,10365,Micro-CT,A2,Maiolica,Bladelet,Non-cortical,50.3,11.9,4.3,No
RF.b_10366,10366,Micro-CT,A2,Maiolica,Blade,Maintenance,46.1,14.0,4.2,No
RF.b_10367,10367,Micro-CT,A2,Maiolica,Blade,Maintenance,36.4,15.8,2.5,No
RF.b_10368,10368,Micro-CT,A1,Maiolica,Bladelet,Non-cortical,29.5,10.7,2.3,No
RF.b_10369,10369,Micro-CT,A1,Maiolica,Bladelet,Non-cortical,34.0,8.3,1.5,No
RF.b_10370,10370,Micro-CT,A1,Maiolica,Blade,Non-cortical,33.3,14.4,4.0,No
RF.b_10371,10371,Micro-CT,A1,Maiolica,Blade,Non-cortical,33.0,12.2,7.6,No
RF.b_10372,10372,Micro-CT,A1,Maiolica,Bladelet,Non-cortical,27.5,7.7,1.0,No
RF.b_10373,10373,Micro-CT,A1,Maiolica,Bladelet,Non-cortical,26.5,10.9,1.5,No
RF.b_10374,10374,Micro-CT,A1,Maiolica,Bladelet,Non-cortical,26.1,6.7,2.2,No
RF.b_10375,10375,Micro-CT,D3d.base,Maiolica,Bladelet,Non-cortical,30.0,10.6,3.0,No
RF.b_10376,10376,Micro-CT,D3d.base,Maiolica,Bladelet,Non-cortical,22.9,6.5,1.5,No
RF.b_10377,10377,Micro-CT,D3b.alpha,Maiolica,Bladelet,Non-cortical,16.6,5.8,1.3,No
RF.b_10378,10378,Micro-CT,D3b.alpha,Maiolica,Bladelet,Non-cortical,17.2,6.7,1.0,No
RF.b_10379,10379,Micro-CT,D3b.alpha,Maiolica,Bladelet,Non-cortical,16.6,7.8,1.6,No
RF.b_10380,10380,Micro-CT,D3b.alpha,Maiolica,Bladelet,Non-cortical,16.9,8.5,1.7,No
RF.b_10381,10381,Micro-CT,D3b.alpha,Maiolica,Bladelet,Non-cortical,13.9,5.5,2.0,No
RF.b_10384,10384,Micro-CT,D3b,Eocenic,Blade,Non-cortical,38.9,12.2,6.1,No
RF.b_10387,10387,Micro-CT,D3b,Eocenic,Blade,Non-cortical,35.2,14.7,5.0,No
RF.b_10388,10388,Micro-CT,A2,Eocenic,Blade,Non-cortical,33.0,15.0,3.3,No
RF.b_10391,10391,Micro-CT,A2,Eocenic,Bladelet,Non-cortical,24.5,8.5,1.9,No
RF.b_10397,10397,Micro-CT,D3b,Eocenic,Bladelet,Non-cortical,17.8,7.3,1.7,No
RF.b_104,104,Artec.Spider,A2,Scaglia.Variegata,Blade,Non-cortical,60.8,20.0,4.8,Yes
RF.b_10401,10401,Micro-CT,A2,Maiolica,Bladelet,Non-cortical,27.3,10.8,2.0,No
RF.b_10402,10402,Micro-CT,A2,Scaglia.Rossa,Bladelet,Non-cortical,26.9,8.1,1.8,No
RF.b_10403,10403,Micro-CT,A2,Scaglia.Variegata,Bladelet,Non-cortical,27.2,11.2,3.3,No
RF.b_10404,10404,Micro-CT,A2,Maiolica,Bladelet,Non-cortical,30.5,9.0,1.5,No
RF.b_10405,10405,Micro-CT,A2,Maiolica,Bladelet,Non-cortical,23.5,9.6,4.5,No
RF.b_10406,10406,Micro-CT,A2,Maiolica,Bladelet,Non-cortical,20.5,7.2,3.1,No
RF.b_10407,10407,Micro-CT,A2,Maiolica,Bladelet,Non-cortical,19.0,6.2,1.2,No
RF.b_10408,10408,Micro-CT,A2,Scaglia.Variegata,Bladelet,Non-cortical,24.2,10.1,3.6,No
RF.b_10409,10409,Micro-CT,A2,Maiolica,Bladelet,Non-cortical,27.3,8.8,1.9,No
RF.b_10410,10410,Micro-CT,A2,Scaglia.Rossa,Bladelet,Non-cortical,18.8,9.3,1.5,No
RF.b_10411,10411,Micro-CT,A2,Maiolica,Bladelet,Non-cortical,21.9,10.8,1.8,No
RF.b_10412,10412,Micro-CT,A2,Maiolica,Bladelet,Non-cortical,13.8,5.1,1.5,No
RF.b_10413,10413,Micro-CT,A2,Maiolica,Bladelet,Non-cortical,25.7,7.8,1.7,No
RF.b_10414,10414,Micro-CT,A2,Maiolica,Bladelet,Non-cortical,30.5,9.0,1.8,No
RF.b_10415,10415,Micro-CT,A2,Maiolica,Bladelet,Non-cortical,25.8,10.7,3.4,No
RF.b_10416,10416,Micro-CT,A2,Scaglia.Rossa,Bladelet,Non-cortical,34.0,10.8,1.9,No
RF.b_10417,10417,Micro-CT,A2,Maiolica,Bladelet,Non-cortical,36.3,8.8,3.6,No
RF.b_10418,10418,Micro-CT,A2,Scaglia.Rossa,Blade,Semi-cortical,32.6,13.2,2.8,No
RF.b_10419,10419,Micro-CT,A2,Maiolica,Blade,Non-cortical,38.8,12.2,2.3,No
RF.b_10420,10420,Micro-CT,A2,Maiolica,Blade,Maintenance,36.6,12.2,5.3,No
RF.b_10421,10421,Micro-CT,A2,Scaglia.Rossa,Blade,Maintenance,37.1,12.2,4.6,No
RF.b_10422,10422,Micro-CT,A2,Maiolica,Blade,Non-cortical,30.3,14.6,3.8,No
RF.b_10423,10423,Micro-CT,A2,Maiolica,Blade,Non-cortical,30.7,12.7,3.5,No
RF.b_10424,10424,Micro-CT,A2,Maiolica,Blade,Maintenance,32.0,16.0,4.3,No
RF.b_10425,10425,Micro-CT,A2,Maiolica,Blade,Semi-cortical,33.7,13.7,6.0,No
RF.b_10426,10426,Micro-CT,A2,Maiolica,Blade,Non-cortical,42.7,14.3,2.3,No
RF.b_10428,10428,Micro-CT,A1,Maiolica,Blade,Maintenance,34.3,16.6,3.2,No
RF.b_10429,10429,Micro-CT,A1,Maiolica,Bladelet,Non-cortical,23.7,5.5,1.5,No
RF.b_10430,10430,Micro-CT,A1,Scaglia.Variegata,Bladelet,Non-cortical,23.8,5.2,2.2,No
RF.b_10431,10431,Micro-CT,A2,Maiolica,Bladelet,Non-cortical,22.6,7.3,2.2,No
RF.b_10432,10432,Micro-CT,A1,Maiolica,Bladelet,Non-cortical,17.4,5.9,1.7,No
RF.b_10433,10433,Micro-CT,A1,Maiolica,Bladelet,Semi-cortical,22.5,7.7,2.3,No
RF.b_10434,10434,Micro-CT,A1,Scaglia.Rossa,Bladelet,Semi-cortical,35.1,9.9,2.6,No
RF.b_10435,10435,Micro-CT,A1,Maiolica,Bladelet,Non-cortical,31.8,8.3,2.2,No
RF.b_10436,10436,Micro-CT,A1,Scaglia.Rossa,Bladelet,Non-cortical,25.2,11.2,2.4,No
RF.b_10437,10437,Micro-CT,A1,Maiolica,Bladelet,Non-cortical,21.1,8.6,2.4,No
RF.b_10438,10438,Micro-CT,A1,Scaglia.Variegata,Bladelet,Non-cortical,18.4,5.6,2.4,No
RF.b_10439,10439,Micro-CT,A1,Maiolica,Bladelet,Non-cortical,21.5,5.0,2.6,No
RF.b_10440,10440,Micro-CT,A1,Maiolica,Bladelet,Non-cortical,31.2,8.8,2.6,No
RF.b_10441,10441,Micro-CT,A2,Maiolica,Bladelet,Non-cortical,26.8,9.9,3.4,No
RF.b_10442,10442,Micro-CT,A2,Maiolica,Bladelet,Semi-cortical,37.1,8.3,4.0,No
RF.b_10443,10443,Micro-CT,A2,Maiolica,Bladelet,Non-cortical,21.7,8.9,1.4,No
RF.b_10444,10444,Micro-CT,A2,Maiolica,Bladelet,Non-cortical,23.0,6.5,1.8,No
RF.b_10445,10445,Micro-CT,A2,Maiolica,Bladelet,Non-cortical,18.0,5.5,1.5,No
RF.b_10446,10446,Micro-CT,A2,Maiolica,Bladelet,Semi-cortical,27.5,11.8,4.8,No
RF.b_10447,10447,Micro-CT,A2,Maiolica,Bladelet,Non-cortical,18.0,6.7,1.8,No
RF.b_10448,10448,Micro-CT,A2,Maiolica,Bladelet,Non-cortical,15.4,7.6,2.3,No
RF.b_10449,10449,Micro-CT,A2,Maiolica,Bladelet,Non-cortical,14.4,4.4,1.0,No
RF.b_10450,10450,Micro-CT,A2,Maiolica,Bladelet,Non-cortical,43.5,10.3,2.6,No
RF.b_10451,10451,Micro-CT,A2,Scaglia.Variegata,Blade,Non-cortical,36.2,13.1,3.2,No
RF.b_10452,10452,Micro-CT,A2,Maiolica,Bladelet,Non-cortical,30.4,8.2,4.9,No
RF.b_10453,10453,Micro-CT,A2,Scaglia.Variegata,Blade,Maintenance,43.1,12.8,4.7,No
RF.b_10454,10454,Artec.Spider,A2,Maiolica,Blade,Semi-cortical,51.3,18.0,8.8,No
RF.b_10455,10455,Artec.Spider,A2,Maiolica,Blade,Non-cortical,40.0,19.0,4.3,No
RF.b_117,117,Artec.Spider,A2,Maiolica,Blade,Non-cortical,42.3,19.0,4.9,Yes
RF.b_1296,1296,Micro-CT,A1,Scaglia.Rossa,Bladelet,Non-cortical,24.8,7.1,2.4,Yes
RF.b_136,136,Artec.Spider,A2,Maiolica,Blade,Semi-cortical,41.6,20.0,6.4,Yes
RF.b_1383,1383,Micro-CT,A2,Maiolica,Bladelet,Non-cortical,23.5,10.5,1.1,No
RF.b_1395,1395,Micro-CT,A2,Scaglia.Variegata,Bladelet,Non-cortical,26.6,6.5,2.6,Yes
RF.b_1396,1396,Micro-CT,A1,Scaglia.Rossa,Blade,Non-cortical,30.3,13.0,4.7,No
RF.b_1401,1401,Micro-CT,A1,Maiolica,Bladelet,Non-cortical,30.1,7.7,2.4,No
RF.b_1424,1424,Micro-CT,A2,Scaglia.Variegata,Bladelet,Non-cortical,40.8,11.4,3.6,Yes
RF.b_1463,1463,Micro-CT,A1,Scaglia.Variegata,Bladelet,Non-cortical,11.3,3.5,0.9,Yes
RF.b_1464,1464,Micro-CT,A2,Maiolica,Bladelet,Non-cortical,24.3,8.5,1.8,Yes
RF.b_1465,1465,Micro-CT,A2,Maiolica,Bladelet,Non-cortical,16.3,4.0,1.2,Yes
RF.b_1466,1466,Micro-CT,A2,Maiolica,Bladelet,Non-cortical,28.0,5.5,1.6,Yes
RF.b_1467,1467,Artec.Spider,A1,Scaglia.Rossa,Blade,Non-cortical,43.2,17.0,2.4,Yes
RF.b_1490,1490,Micro-CT,A2,Maiolica,Bladelet,Non-cortical,30.1,6.7,2.2,Yes
RF.b_1492,1492,Micro-CT,A2,Maiolica,Bladelet,Non-cortical,35.5,8.1,3.3,Yes
RF.b_1493,1493,Micro-CT,A2,Scaglia.Rossa,Bladelet,Non-cortical,20.5,5.6,0.9,Yes
RF.b_1494,1494,Micro-CT,A2,Scaglia.Variegata,Bladelet,Non-cortical,30.0,9.9,1.8,Yes
RF.b_15,15,Artec.Spider,A1,Scaglia.Rossa,Blade,Semi-cortical,72.7,21.8,7.6,Yes
RF.b_1510,1510,Micro-CT,A2,Scaglia.Variegata,Bladelet,Non-cortical,24.0,6.7,2.6,Yes
RF.b_1517,1517,Micro-CT,A2,Scaglia.Variegata,Bladelet,Non-cortical,18.8,5.7,1.7,Yes
RF.b_1521,1521,Micro-CT,A2,Scaglia.Variegata,Bladelet,Non-cortical,15.5,7.1,2.7,Yes
RF.b_1522,1522,Micro-CT,A2,Maiolica,Bladelet,Maintenance,34.3,10.1,2.2,Yes
RF.b_1523,1523,Micro-CT,A2,Scaglia.Rossa,Bladelet,Non-cortical,22.6,5.8,1.5,Yes
RF.b_1533,1533,Micro-CT,A2,Maiolica,Bladelet,Non-cortical,30.0,6.2,1.7,Yes
RF.b_1534,1534,Micro-CT,A2,Maiolica,Bladelet,Non-cortical,33.6,7.5,2.7,Yes
RF.b_1537,1537,Micro-CT,A2,Scaglia.Rossa,Bladelet,Non-cortical,23.3,6.3,2.0,Yes
RF.b_1538,1538,Micro-CT,A1,Scaglia.Rossa,Bladelet,Non-cortical,34.8,6.2,1.6,Yes
RF.b_1539,1539,Micro-CT,A2,Maiolica,Bladelet,Non-cortical,15.8,6.5,1.1,Yes
RF.b_1543,1543,Micro-CT,A2,Scaglia.Variegata,Bladelet,Non-cortical,24.2,6.9,2.2,Yes
RF.b_1544,1544,Micro-CT,A2,Scaglia.Rossa,Bladelet,Non-cortical,18.8,4.3,2.0,Yes
RF.b_1545,1545,Micro-CT,A2,Scaglia.Variegata,Bladelet,Non-cortical,20.4,4.7,0.9,Yes
RF.b_1547,1547,Micro-CT,A2,Scaglia.Rossa,Bladelet,Semi-cortical,32.4,8.3,2.0,Yes
RF.b_1548,1548,Micro-CT,A2,Maiolica,Bladelet,Non-cortical,34.5,6.1,2.4,Yes
RF.b_1549,1549,Micro-CT,A2,Maiolica,Bladelet,Non-cortical,39.0,9.8,1.8,Yes
RF.b_1550,1550,Micro-CT,A2,Maiolica,Bladelet,Non-cortical,19.7,5.6,1.5,Yes
RF.b_1551,1551,Micro-CT,A2,Maiolica,Bladelet,Non-cortical,26.0,5.8,1.5,Yes
RF.b_1552,1552,Micro-CT,A2,Undetermined,Bladelet,Non-cortical,44.0,7.2,2.5,Yes
RF.b_1553,1553,Micro-CT,A2,Maiolica,Bladelet,Non-cortical,13.6,3.7,0.8,Yes
RF.b_1554,1554,Micro-CT,A2,Maiolica,Bladelet,Non-cortical,17.5,3.5,1.5,Yes
RF.b_1555,1555,Micro-CT,A2,Maiolica,Bladelet,Non-cortical,18.6,2.9,1.1,Yes
RF.b_1556,1556,Micro-CT,A2,Scaglia.Rossa,Bladelet,Non-cortical,16.8,3.7,0.6,Yes
RF.b_1557,1557,Micro-CT,A2,Scaglia.Rossa,Bladelet,Non-cortical,41.2,8.3,2.3,Yes
RF.b_1563,1563,Micro-CT,A1,Maiolica,Bladelet,Non-cortical,24.0,5.8,1.8,Yes
RF.b_1565,1565,Micro-CT,A2,Scaglia.Variegata,Bladelet,Non-cortical,22.0,6.5,1.2,Yes
RF.b_1566,1566,Micro-CT,A2,Maiolica,Bladelet,Non-cortical,23.5,7.0,1.6,Yes
RF.b_1568,1568,Micro-CT,A2,Maiolica,Bladelet,Non-cortical,17.5,5.0,1.1,Yes
RF.b_1572,1572,Micro-CT,A2,Maiolica,Bladelet,Non-cortical,36.6,4.4,1.8,Yes
RF.b_1573,1573,Micro-CT,A1,Maiolica,Bladelet,Non-cortical,35.3,7.3,2.4,Yes
RF.b_1574,1574,Micro-CT,A2,Maiolica,Bladelet,Non-cortical,27.5,6.6,1.5,Yes
RF.b_1577,1577,Micro-CT,A2,Maiolica,Bladelet,Non-cortical,30.4,9.2,1.9,Yes
RF.b_1578,1578,Micro-CT,A2,Maiolica,Bladelet,Non-cortical,23.1,5.3,2.4,Yes
RF.b_1579,1579,Micro-CT,A2,Maiolica,Bladelet,Non-cortical,26.0,5.3,1.1,Yes
RF.b_1580,1580,Micro-CT,A2,Maiolica,Bladelet,Non-cortical,38.5,7.8,2.5,Yes
RF.b_1581,1581,Micro-CT,A2,Maiolica,Bladelet,Non-cortical,51.6,9.7,3.5,Yes
RF.b_1582,1582,Micro-CT,A2,Maiolica,Bladelet,Non-cortical,28.0,7.2,1.4,Yes
RF.b_1585,1585,Micro-CT,A2,Scaglia.Rossa,Bladelet,Non-cortical,20.2,6.6,1.5,Yes
RF.b_1587,1587,Micro-CT,A2,Maiolica,Bladelet,Non-cortical,18.4,4.7,1.3,Yes
RF.b_1588,1588,Micro-CT,A2,Scaglia.Rossa,Bladelet,Non-cortical,23.0,4.8,1.9,Yes
RF.b_1589,1589,Micro-CT,A2,Maiolica,Bladelet,Non-cortical,22.0,4.9,1.4,Yes
RF.b_1591,1591,Micro-CT,A2,Maiolica,Bladelet,Non-cortical,29.0,7.0,2.3,Yes
RF.b_1592,1592,Micro-CT,A2,Maiolica,Bladelet,Non-cortical,21.0,4.5,1.2,Yes
RF.b_1593,1593,Micro-CT,A2,Scaglia.Rossa,Bladelet,Non-cortical,25.4,5.4,1.1,Yes
RF.b_1594,1594,Micro-CT,A2,Maiolica,Bladelet,Non-cortical,25.5,5.1,1.3,Yes
RF.b_1595,1595,Micro-CT,A2,Maiolica,Bladelet,Non-cortical,29.5,6.7,2.4,Yes
RF.b_1596,1596,Micro-CT,A2,Maiolica,Bladelet,Non-cortical,22.7,5.8,2.4,Yes
RF.b_1597,1597,Micro-CT,A2,Maiolica,Bladelet,Non-cortical,37.2,9.2,2.6,Yes
RF.b_1598,1598,Micro-CT,A2,Maiolica,Bladelet,Non-cortical,25.0,5.9,1.5,Yes
RF.b_1600,1600,Micro-CT,A2,Maiolica,Bladelet,Non-cortical,18.6,4.8,2.1,Yes
RF.b_1601,1601,Micro-CT,A2,Scaglia.Variegata,Bladelet,Non-cortical,16.0,6.0,0.9,Yes
RF.b_1602,1602,Micro-CT,A2,Maiolica,Bladelet,Non-cortical,17.0,3.7,1.4,Yes
RF.b_1606,1606,Micro-CT,A2,Maiolica,Bladelet,Semi-cortical,18.0,4.0,1.0,Yes
RF.b_1607,1607,Micro-CT,A2,Maiolica,Bladelet,Non-cortical,23.7,5.1,1.4,Yes
RF.b_1608,1608,Micro-CT,A2,Maiolica,Bladelet,Non-cortical,16.2,6.3,1.4,Yes
RF.b_1609,1609,Micro-CT,A2,Maiolica,Bladelet,Non-cortical,21.0,4.8,1.6,Yes
RF.b_1613,1613,Micro-CT,A2,Scaglia.Variegata,Bladelet,Non-cortical,23.3,7.3,1.4,Yes
RF.b_1614,1614,Micro-CT,A2,Scaglia.Variegata,Bladelet,Non-cortical,28.0,5.5,1.0,Yes
RF.b_1615,1615,Micro-CT,A2,Maiolica,Bladelet,Non-cortical,19.2,4.6,1.4,Yes
RF.b_1616,1616,Micro-CT,A2,Maiolica,Bladelet,Non-cortical,22.7,6.0,1.7,Yes
RF.b_1617,1617,Micro-CT,A2,Maiolica,Bladelet,Non-cortical,22.1,4.6,1.4,Yes
RF.b_1618,1618,Micro-CT,A2,Maiolica,Bladelet,Non-cortical,19.8,6.5,1.9,Yes
RF.b_1619,1619,Micro-CT,A2,Maiolica,Bladelet,Semi-cortical,31.3,7.5,1.9,Yes
RF.b_1622,1622,Micro-CT,A2,Maiolica,Bladelet,Non-cortical,20.0,3.7,2.2,Yes
RF.b_1623,1623,Micro-CT,A2,Maiolica,Bladelet,Non-cortical,21.1,5.6,1.4,Yes
RF.b_1624,1624,Micro-CT,A2,Maiolica,Bladelet,Non-cortical,25.0,5.4,1.8,Yes
RF.b_1626,1626,Micro-CT,A2,Maiolica,Bladelet,Non-cortical,19.8,5.0,1.9,Yes
RF.b_1629,1629,Micro-CT,A2,Maiolica,Bladelet,Non-cortical,14.4,4.7,0.9,Yes
RF.b_1630,1630,Micro-CT,A2,Maiolica,Bladelet,Non-cortical,30.4,6.3,1.5,Yes
RF.b_1632,1632,Micro-CT,A2,Scaglia.Variegata,Bladelet,Non-cortical,29.5,6.9,2.0,Yes
RF.b_1635,1635,Micro-CT,A2,Scaglia.Variegata,Bladelet,Non-cortical,31.5,7.8,1.6,Yes
RF.b_1636,1636,Micro-CT,A2,Scaglia.Variegata,Bladelet,Non-cortical,29.0,5.7,1.6,Yes
RF.b_1637,1637,Micro-CT,A2,Maiolica,Bladelet,Non-cortical,29.3,5.4,0.9,Yes
RF.b_1638,1638,Micro-CT,A2,Scaglia.Rossa,Bladelet,Non-cortical,54.4,9.7,2.6,Yes
RF.b_1639,1639,Micro-CT,A2,Maiolica,Bladelet,Non-cortical,29.5,6.8,1.9,Yes
RF.b_1640,1640,Micro-CT,A1,Scaglia.Variegata,Bladelet,Non-cortical,28.0,7.1,2.0,Yes
RF.b_1641,1641,Micro-CT,A2,Maiolica,Bladelet,Initialization,50.4,6.6,3.4,Yes
RF.b_1642,1642,Micro-CT,A2,Maiolica,Bladelet,Maintenance,43.6,8.8,2.7,No
RF.b_1643,1643,Micro-CT,A1,Maiolica,Bladelet,Maintenance,38.4,8.2,2.0,No
RF.b_1644,1644,Micro-CT,A2,Maiolica,Bladelet,Non-cortical,42.0,10.1,2.7,No
RF.b_1645,1645,Micro-CT,A2,Scaglia.Variegata,Blade,Non-cortical,64.5,12.2,3.7,No
RF.b_1646,1646,Micro-CT,A2,Maiolica,Bladelet,Maintenance,40.4,11.4,3.3,No
RF.b_1648,1648,Micro-CT,A1,Maiolica,Bladelet,Non-cortical,54.8,11.8,2.9,No
RF.b_1649,1649,Micro-CT,A2,Maiolica,Bladelet,Non-cortical,66.7,11.8,2.1,No
RF.b_1650,1650,Micro-CT,A2,Maiolica,Bladelet,Non-cortical,31.8,6.7,2.0,No
RF.b_1651,1651,Micro-CT,A1,Scaglia.Rossa,Bladelet,Maintenance,39.0,10.8,2.1,No
RF.b_202,202,Artec.Spider,A2,Maiolica,Blade,Maintenance,67.6,29.0,8.1,Yes
RF.b_206,206,Artec.Spider,A2,Maiolica,Blade,Initialization,65.1,25.1,13.0,No
RF.b_207,207,Artec.Spider,A2,Scaglia.Variegata,Blade,Non-cortical,67.0,18.7,3.5,Yes
RF.b_21,21,Artec.Spider,A2,Scaglia.Variegata,Blade,Maintenance,75.2,26.2,6.9,Yes
RF.b_211,211,Artec.Spider,A2,Maiolica,Blade,Semi-cortical,83.7,26.1,6.4,Yes
RF.b_223,223,Artec.Spider,A1,Maiolica,Blade,Non-cortical,48,19.60000038,5.5,Yes
RF.b_2280,2280,Micro-CT,A2,Scaglia.Variegata,Bladelet,Maintenance,39.9,9.0,2.0,No
RF.b_2281,2281,Micro-CT,A2,Scaglia.Variegata,Blade,Non-cortical,46.8,12.9,2.5,No
RF.b_2282,2282,Micro-CT,A2,Scaglia.Rossa,Blade,Non-cortical,38.7,12.2,1.9,No
RF.b_2291,2291,Micro-CT,A2,Scaglia.Variegata,Bladelet,Non-cortical,20.0,7.2,2.2,No
RF.b_2296,2296,Micro-CT,A2,Scaglia.Variegata,Blade,Non-cortical,33.9,13.5,2.5,No
RF.b_2304,2304,Micro-CT,A2,Scaglia.Variegata,Bladelet,Semi-cortical,32.0,11.5,3.6,No
RF.b_2357,2357,Micro-CT,A2,Maiolica,Bladelet,Non-cortical,23.4,5.6,1.9,No
RF.b_24,24,Artec.Spider,A2,Maiolica,Blade,Non-cortical,74.4,23.1,6.1,Yes
RF.b_2416,2416,Micro-CT,A2,Maiolica,Blade,Non-cortical,27.8,12.4,2.3,No
RF.b_2426,2426,Micro-CT,A2,Maiolica,Blade,Non-cortical,47.7,14.0,3.5,No
RF.b_2427,2427,Artec.Spider,A2,Maiolica,Blade,Non-cortical,54.0,17.5,4.6,No
RF.b_2428,2428,Micro-CT,A2,Maiolica,Bladelet,Non-cortical,22.5,6.5,1.2,No
RF.b_2465,2465,Micro-CT,A2,Maiolica,Blade,Non-cortical,32.0,14.9,3.1,No
RF.b_2477,2477,Micro-CT,A2,Maiolica,Bladelet,Non-cortical,34.9,9.2,1.3,No
RF.b_2481,2481,Micro-CT,A2,Maiolica,Bladelet,Non-cortical,22.8,7.2,1.3,No
RF.b_2490,2490,Micro-CT,A2,Maiolica,Bladelet,Non-cortical,39.6,11.8,2.6,No
RF.b_2498,2498,Micro-CT,A2,Maiolica,Bladelet,Non-cortical,38.0,10.2,3.3,No
RF.b_25,25,Artec.Spider,A2,Scaglia.Variegata,Blade,Non-cortical,50.0,19.8,5.5,Yes
RF.b_2521,2521,Micro-CT,A2,Maiolica,Bladelet,Non-cortical,36.7,6.1,2.7,No
RF.b_2602,2602,Micro-CT,A2,Scaglia.Variegata,Bladelet,Non-cortical,34.1,10.7,2.3,No
RF.b_2727,2727,Micro-CT,A2,Maiolica,Bladelet,Maintenance,35.0,8.2,2.7,No
RF.b_278,278,Artec.Spider,A1,Maiolica,Flake,Maintenance,49,27,14.5,Yes
RF.b_284,284,Artec.Spider,A1,Undetermined,Flake,Maintenance,36.5,28.79999924,11.80000019,Yes
RF.b_285,285,Artec.Spider,A2,Undetermined,Flake,Maintenance,45.79999924,31.89999962,9.399999619,Yes
RF.b_286,286,Artec.Spider,A2,Undetermined,Blade,Non-cortical,37.09999847,13.39999962,6.699999809,Yes
RF.b_302,302,Artec.Spider,A2,Maiolica,Blade,Initialization,na,19,7.400000095,Yes
RF.b_31,31,Artec.Spider,A2,Scaglia.Variegata,Blade,Maintenance,38.2,15.8,3.8,No
RF.b_324,324,Artec.Spider,A2,Maiolica,Blade,Initialization,na,30.39999962,12.89999962,Yes
RF.b_339,339,Artec.Spider,A1,Maiolica,Blade,Initialization,59.7,16.6,11.0,No
RF.b_354,354,Artec.Spider,A2,Undetermined,Angular debris,Angular debris,30,17.10000038,8.300000191,Yes
RF.b_3733,3733,Artec.Spider,A2.internal,Maiolica,Tablet,Maintenance,65,25,24,No
RF.b_40,40,Artec.Spider,A1,Maiolica,Blade,Semi-cortical,42.4,15.2,4.8,Yes
RF.b_4087,4087,Micro-CT,A2,Maiolica,Bladelet,Non-cortical,26.6,4.2,3.2,No
RF.b_4114,4114,Micro-CT,A2,Maiolica,Bladelet,Non-cortical,21.0,6.2,1.8,No
RF.b_4124,4124,Artec.Spider,A2,Maiolica,Blade,Maintenance,51.7,18.0,5.8,No
RF.b_4125,4125,Artec.Spider,A2,Maiolica,Blade,Maintenance,53.0,24.2,3.6,No
RF.b_4126,4126,Artec.Spider,A2,Maiolica,Blade,Maintenance,45.0,25.4,4.3,No
RF.b_4140,4140,Micro-CT,A2,Maiolica,Blade,Maintenance,57.9,15.0,3.5,No
RF.b_4142,4142,Micro-CT,A2,Maiolica,Blade,Maintenance,47.5,12.4,4.5,No
RF.b_4172,4172,Micro-CT,A2,Maiolica,Bladelet,Non-cortical,20.9,8.7,1.3,No
RF.b_4178,4178,Micro-CT,A2,Undetermined,Bladelet,Initialization,39.1,7.7,5.3,No
RF.b_4215,4215,Micro-CT,A2,Maiolica,Blade,Maintenance,41.1,13.4,4.1,No
RF.b_4216,4216,Micro-CT,A2,Maiolica,Bladelet,Non-cortical,50.0,8.5,4.4,No
RF.b_4220,4220,Artec.Spider,A2,Maiolica,Blade,Semi-cortical,61.7,20.2,6.6,No
RF.b_4251,4251,Micro-CT,A2,Maiolica,Blade,Semi-cortical,48.1,15.3,2.5,No
RF.b_4270,4270,Micro-CT,A2,Maiolica,Bladelet,Non-cortical,28.0,10.0,3.0,No
RF.b_4299,4299,Micro-CT,A2,Maiolica,Bladelet,Non-cortical,34.4,10.9,2.6,No
RF.b_4344,4344,Micro-CT,A1,Maiolica,Bladelet,Initialization,33.0,6.0,5.8,No
RF.b_4413,4413,Micro-CT,A1,Maiolica,Bladelet,Non-cortical,37.5,9.1,4.0,No
RF.b_442,442,Micro-CT,A1,Maiolica,Blade,Maintenance,31.0,13.6,2.5,Yes
RF.b_4425,4425,Micro-CT,A1,Maiolica,Bladelet,Maintenance,29.6,10.5,2.5,No
RF.b_4426,4426,Micro-CT,A1,Maiolica,Bladelet,Non-cortical,27.8,11.2,3.0,No
RF.b_4427,4427,Micro-CT,A1,Maiolica,Bladelet,Maintenance,30.2,10.3,2.5,No
RF.b_4470,4470,Micro-CT,A1,Maiolica,Bladelet,Non-cortical,28.2,7.3,2.4,No
RF.b_4490,4490,Micro-CT,A1,Maiolica,Bladelet,Non-cortical,25.0,8.2,2.3,No
RF.b_4501,4501,Artec.Spider,A1,Maiolica,Blade,Maintenance,57.2,24.2,9.9,No
RF.b_4532,4532,Artec.Spider,A1,Scaglia.Variegata,Blade,Non-cortical,40.7,14.9,3.5,No
RF.b_4561,4561,Artec.Spider,A1,Maiolica,Blade,Non-cortical,65.5,17.6,5.0,No
RF.b_4589,4589,Micro-CT,A1,Scaglia.Variegata,Blade,Non-cortical,39.8,14.4,3.0,No
RF.b_4606,4606,Micro-CT,A1,Maiolica,Bladelet,Non-cortical,29.5,11.2,3.8,No
RF.b_4624,4624,Micro-CT,A2,Maiolica,Bladelet,Non-cortical,28.0,8.2,1.7,No
RF.b_4636,4636,Artec.Spider,A2,Maiolica,Blade,Non-cortical,56.0,22.2,4.7,No
RF.b_4665,4665,Micro-CT,A2,Maiolica,Bladelet,Non-cortical,25.1,9.5,1.6,No
RF.b_4697,4697,Micro-CT,A2,Maiolica,Bladelet,Non-cortical,16.3,5.7,1.3,No
RF.b_475,475,Artec.Spider,A2,Maiolica,Blade,Non-cortical,56.1,21.6,5.4,Yes
RF.b_4752,4752,Micro-CT,A2,Maiolica,Bladelet,Non-cortical,27.2,10.5,1.5,No
RF.b_4948,4948,Artec.Spider,A1,Eocenic,Blade,Maintenance,64.0,24.5,7.8,No
RF.b_4966,4966,Artec.Spider,A1,Maiolica,Blade,Maintenance,50.6,15.8,4.4,No
RF.b_4977,4977,Micro-CT,A1,Scaglia.Rossa,Blade,Maintenance,27.5,12.5,4.5,No
RF.b_5025,5025,Micro-CT,A1,Maiolica,Blade,Maintenance,36.6,12.8,4.8,No
RF.b_5043,5043,Micro-CT,A1,Scaglia.Variegata,Bladelet,Semi-cortical,29.2,10.4,2.3,No
RF.b_5074,5074,Micro-CT,A1,Maiolica,Bladelet,Non-cortical,25.8,9.4,1.8,No
RF.b_5150,5150,Micro-CT,A2,Maiolica,Bladelet,Maintenance,34.5,11.4,3.1,No
RF.b_5155,5155,Micro-CT,A2,Maiolica,Bladelet,Semi-cortical,42.4,11.6,3.4,No
RF.b_5169,5169,Artec.Spider,A2,Maiolica,Blade,Non-cortical,60.1,16.6,4.9,No
RF.b_5174,5174,Micro-CT,A2,Scaglia.Variegata,Bladelet,Non-cortical,49.2,11.5,3.6,No
RF.b_5175,5175,Micro-CT,A2,Scaglia.Variegata,Blade,Non-cortical,39.1,12.5,2.8,No
RF.b_5176,5176,Micro-CT,A2,Scaglia.Rossa,Bladelet,Semi-cortical,39.0,5.2,3.5,No
RF.b_5178,5178,Micro-CT,A2,Maiolica,Blade,Maintenance,47.7,12.1,6.5,No
RF.b_5180,5180,Micro-CT,A2,Scaglia.Rossa,Blade,Non-cortical,39.8,14.3,3.3,No
RF.b_5181,5181,Micro-CT,A2,Maiolica,Bladelet,Maintenance,42.3,10.1,4.1,No
RF.b_5185,5185,Micro-CT,A2,Maiolica,Blade,Non-cortical,49.9,12.8,5.4,No
RF.b_5187,5187,Artec.Spider,A2,Maiolica,Blade,Maintenance,62.1,23.0,7.0,No
RF.b_5194,5194,Artec.Spider,A2,Maiolica,Blade,Maintenance,58.4,22.7,8.0,No
RF.b_5195,5195,Micro-CT,A2,Scaglia.Rossa,Bladelet,Non-cortical,39.4,9.6,2.8,No
RF.b_5199,5199,Micro-CT,A2,Scaglia.Variegata,Bladelet,Non-cortical,30.6,7.6,1.5,No
RF.b_5202,5202,Micro-CT,A2,Maiolica,Blade,Non-cortical,48.6,14.4,2.7,No
RF.b_5204,5204,Micro-CT,A2,Maiolica,Bladelet,Non-cortical,37.1,11.4,2.2,No
RF.b_5207,5207,Artec.Spider,A2,Maiolica,Blade,Semi-cortical,68.3,26.0,10.0,No
RF.b_5209,5209,Artec.Spider,A2,Maiolica,Blade,Semi-cortical,56.0,19.7,6.0,No
RF.b_5210,5210,Micro-CT,A2,Maiolica,Blade,Non-cortical,39.0,12.2,3.4,No
RF.b_5213,5213,Micro-CT,A2,Maiolica,Bladelet,Non-cortical,15.5,4.7,1.0,No
RF.b_5215,5215,Artec.Spider,A2,Maiolica,Blade,Semi-cortical,57.7,30.5,11.1,No
RF.b_5216,5216,Micro-CT,A2,Maiolica,Blade,Non-cortical,37.0,12.5,2.3,No
RF.b_5219,5219,Artec.Spider,A2,Scaglia.Variegata,Blade,Non-cortical,63.3,15.8,3.8,No
RF.b_5221,5221,Artec.Spider,A2,Scaglia.Rossa,Blade,Semi-cortical,47.7,18.7,4.9,No
RF.b_5222,5222,Artec.Spider,A2,Maiolica,Blade,Maintenance,60.0,26.8,4.6,No
RF.b_5225,5225,Micro-CT,A2,Maiolica,Bladelet,Maintenance,38.2,10.9,4.6,No
RF.b_5226,5226,Micro-CT,A2,Maiolica,Blade,Non-cortical,46.2,15.7,4.2,No
RF.b_5228,5228,Artec.Spider,A2,Scaglia.Variegata,Blade,Maintenance,44.2,23.5,6.3,No
RF.b_5229,5229,Micro-CT,A2,Scaglia.Rossa,Blade,Non-cortical,32.0,13.0,2.0,No
RF.b_5231,5231,Micro-CT,A2,Maiolica,Bladelet,Initialization,39.0,6.6,2.1,No
RF.b_5232,5232,Artec.Spider,A2,Maiolica,Blade,Semi-cortical,58.1,15.8,5.8,No
RF.b_5234,5234,Artec.Spider,A2,Maiolica,Blade,Maintenance,61.4,20.9,11.0,No
RF.b_5238,5238,Artec.Spider,A2,Maiolica,Blade,Initialization,48.1,15.9,9.5,No
RF.b_5240,5240,Micro-CT,A2,Maiolica,Blade,Non-cortical,41.8,16.4,4.2,No
RF.b_5244,5244,Artec.Spider,A2,Maiolica,Blade,Non-cortical,65.2,15.8,4.0,No
RF.b_5245,5245,Micro-CT,A2,Scaglia.Variegata,Blade,Maintenance,36.0,12.5,2.5,No
RF.b_5247,5247,Micro-CT,A2,Scaglia.Variegata,Blade,Maintenance,39.8,13.7,4.2,No
RF.b_5249,5249,Micro-CT,A2,Maiolica,Blade,Non-cortical,39.6,13.3,2.2,No
RF.b_5250,5250,Artec.Spider,A2,Scaglia.Rossa,Blade,Maintenance,55.2,19.5,5.7,No
RF.b_5254,5254,Micro-CT,A2,Maiolica,Bladelet,Non-cortical,30.9,8.0,2.2,No
RF.b_5256,5256,Micro-CT,A2,Scaglia.Variegata,Bladelet,Non-cortical,25.9,10.5,1.7,No
RF.b_5257,5257,Micro-CT,A2,Scaglia.Variegata,Bladelet,Non-cortical,26.6,7.3,2.0,No
RF.b_5262,5262,Micro-CT,A2,Maiolica,Blade,Non-cortical,47.5,15.0,2.7,No
RF.b_5267,5267,Micro-CT,A2,Scaglia.Variegata,Bladelet,Maintenance,44.8,10.1,5.5,No
RF.b_5268,5268,Artec.Spider,A2,Maiolica,Blade,Semi-cortical,47.6,19.3,5.9,No
RF.b_5269,5269,Micro-CT,A2,Maiolica,Blade,Non-cortical,44.4,12.6,4.6,No
RF.b_5270,5270,Micro-CT,A2,Maiolica,Bladelet,Non-cortical,33.5,11.4,2.5,No
RF.b_5272,5272,Micro-CT,A2,Maiolica,Bladelet,Non-cortical,28.0,9.3,1.6,No
RF.b_5273,5273,Micro-CT,A2,Scaglia.Variegata,Bladelet,Maintenance,28.0,10.0,1.4,No
RF.b_5275,5275,Micro-CT,A2,Maiolica,Blade,Maintenance,37.8,14.1,4.0,No
RF.b_5278,5278,Micro-CT,A2,Maiolica,Bladelet,Non-cortical,30.5,8.5,1.8,No
RF.b_5279,5279,Micro-CT,A2,Undetermined,Bladelet,Non-cortical,23.0,6.8,1.4,No
RF.b_528,528,Artec.Spider,A2,Maiolica,Blade,Semi-cortical,57.4,20.1,9.5,Yes
RF.b_5280,5280,Micro-CT,A2,Maiolica,Bladelet,Non-cortical,20.5,7.1,1.4,No
RF.b_5281,5281,Micro-CT,A2,Maiolica,Bladelet,Non-cortical,24.5,8.3,2.1,No
RF.b_5283,5283,Micro-CT,A2,Scaglia.Rossa,Bladelet,Semi-cortical,30.5,6.1,2.5,No
RF.b_5284,5284,Micro-CT,A2,Undetermined,Bladelet,Maintenance,33.0,11.3,3.8,No
RF.b_5285,5285,Micro-CT,A2,Maiolica,Bladelet,Maintenance,37.1,11.5,5.0,No
RF.b_5290,5290,Micro-CT,A2,Maiolica,Blade,Initialization,46.1,15.7,2.7,No
RF.b_5296,5296,Micro-CT,A2,Eocenic,Bladelet,Non-cortical,37.0,7.8,2.7,No
RF.b_5297,5297,Micro-CT,A2,Scaglia.Variegata,Blade,Semi-cortical,47.0,12.1,2.7,No
RF.b_5298,5298,Artec.Spider,A2,Maiolica,Blade,Maintenance,51.9,21.1,4.8,No
RF.b_5299,5299,Micro-CT,A2,Maiolica,Bladelet,Non-cortical,32.6,8.2,2.3,No
RF.b_5300,5300,Micro-CT,A2,Scaglia.Rossa,Bladelet,Non-cortical,40.5,8.4,2.6,No
RF.b_5301,5301,Micro-CT,A2,Maiolica,Bladelet,Non-cortical,15.0,4.8,1.4,No
RF.b_5302,5302,Artec.Spider,A2,Maiolica,Blade,Semi-cortical,88.6,25.0,10.4,No
RF.b_5308,5308,Micro-CT,A2,Maiolica,Blade,Maintenance,39.5,17.7,3.2,No
RF.b_5309,5309,Micro-CT,A2,Maiolica,Bladelet,Non-cortical,24.5,7.1,1.6,No
RF.b_531,531,Micro-CT,A2,Maiolica,Bladelet,Non-cortical,31.9,10.8,1.9,No
RF.b_5311,5311,Micro-CT,A2,Maiolica,Bladelet,Non-cortical,34.5,8.7,1.5,No
RF.b_5313,5313,Artec.Spider,A2,Scaglia.Rossa,Blade,Semi-cortical,45.5,18.8,4.5,No
RF.b_5318,5318,Micro-CT,A2,Maiolica,Bladelet,Non-cortical,26.8,8.7,2.4,No
RF.b_5320,5320,Micro-CT,A2,Maiolica,Bladelet,Non-cortical,34.6,6.9,1.7,No
RF.b_5321,5321,Micro-CT,A2,Maiolica,Bladelet,Maintenance,35.2,11.3,2.5,No
RF.b_5325,5325,Artec.Spider,A2,Maiolica,Blade,Maintenance,49.6,14.6,3.8,No
RF.b_5331,5331,Micro-CT,A2,Maiolica,Blade,Semi-cortical,33.8,14.2,4.6,No
RF.b_5334,5334,Micro-CT,A2,Maiolica,Blade,Maintenance,37.1,14.6,5.4,No
RF.b_5337,5337,Micro-CT,A2,Scaglia.Rossa,Blade,Non-cortical,40.0,16.0,3.0,No
RF.b_5338,5338,Micro-CT,A2,Scaglia.Variegata,Blade,Maintenance,38.6,13.6,4.2,No
RF.b_5342,5342,Artec.Spider,A2,Maiolica,Blade,Non-cortical,51.7,20.0,5.0,No
RF.b_5343,5343,Micro-CT,A2,Scaglia.Variegata,Blade,Non-cortical,37.5,15.2,2.7,No
RF.b_5344,5344,Micro-CT,A2,Maiolica,Blade,Non-cortical,28.6,13.5,2.3,No
RF.b_5345,5345,Artec.Spider,A2,Scaglia.Rossa,Blade,Semi-cortical,47.6,16.1,9.0,No
RF.b_5348,5348,Micro-CT,A2,Maiolica,Bladelet,Non-cortical,23.0,7.6,2.3,No
RF.b_5349,5349,Micro-CT,A2,Scaglia.Variegata,Bladelet,Semi-cortical,27.5,6.0,1.5,No
RF.b_5350,5350,Micro-CT,A2,Scaglia.Variegata,Bladelet,Non-cortical,15.7,4.9,1.6,No
RF.b_5351,5351,Micro-CT,A2,Scaglia.Variegata,Bladelet,Maintenance,27.8,5.8,1.9,No
RF.b_5353,5353,Micro-CT,A2,Scaglia.Variegata,Blade,Maintenance,46.0,13.0,5.0,No
RF.b_5354,5354,Micro-CT,A2,Maiolica,Blade,Non-cortical,36.0,12.4,2.0,No
RF.b_5356,5356,Micro-CT,A2,Scaglia.Variegata,Blade,Non-cortical,47.3,13.6,3.4,No
RF.b_5357,5357,Micro-CT,A2,Maiolica,Blade,Non-cortical,34.6,15.0,3.6,No
RF.b_5358,5358,Micro-CT,A2,Scaglia.Variegata,Bladelet,Non-cortical,26.5,8.1,1.2,No
RF.b_5359,5359,Micro-CT,A2,Maiolica,Bladelet,Non-cortical,18.0,5.0,1.3,No
RF.b_5361,5361,Micro-CT,A2,Maiolica,Blade,Semi-cortical,43.0,13.6,6.8,No
RF.b_5366,5366,Micro-CT,A2,Scaglia.Variegata,Blade,Non-cortical,47.5,14.5,2.9,No
RF.b_5373,5373,Micro-CT,A2,Maiolica,Bladelet,Non-cortical,28.5,10.0,3.0,No
RF.b_5378,5378,Micro-CT,A2,Scaglia.Variegata,Bladelet,Non-cortical,21.0,6.7,1.7,No
RF.b_5379,5379,Micro-CT,A2,Maiolica,Bladelet,Non-cortical,34.0,6.8,2.2,No
RF.b_5380,5380,Artec.Spider,A2,Scaglia.Variegata,Blade,Non-cortical,42.2,17.8,6.0,No
RF.b_5382,5382,Micro-CT,A2,Maiolica,Blade,Maintenance,36.4,13.4,2.8,No
RF.b_5383,5383,Micro-CT,A2,Maiolica,Bladelet,Non-cortical,19.1,6.2,2.2,No
RF.b_5384,5384,Artec.Spider,A2,Maiolica,Blade,Semi-cortical,59.5,18.7,10.1,No
RF.b_5396,5396,Artec.Spider,A2,Scaglia.Variegata,Blade,Maintenance,59.0,17.2,4.3,No
RF.b_5411,5411,Artec.Spider,A2,Maiolica,Blade,Maintenance,51.6,27.7,6.4,No
RF.b_5413,5413,Micro-CT,A2,Maiolica,Bladelet,Non-cortical,27.5,10.0,3.7,No
RF.b_5415,5415,Micro-CT,A2,Maiolica,Bladelet,Non-cortical,21.5,7.2,2.7,No
RF.b_5416,5416,Micro-CT,A2,Maiolica,Bladelet,Initialization,49.5,11.8,6.7,No
RF.b_5419,5419,Micro-CT,A2,Maiolica,Bladelet,Non-cortical,28.7,8.9,2.6,No
RF.b_5420,5420,Micro-CT,A2,Scaglia.Variegata,Blade,Non-cortical,45.5,17.4,3.6,No
RF.b_5456,5456,Micro-CT,A2,Maiolica,Blade,Non-cortical,54.3,17.4,7.0,No
RF.b_5458,5458,Artec.Spider,A2,Maiolica,Blade,Non-cortical,57.4,18.7,5.2,No
RF.b_5460,5460,Micro-CT,A2,Maiolica,Blade,Non-cortical,36.1,15.3,3.7,No
RF.b_5462,5462,Micro-CT,A2,Maiolica,Bladelet,Semi-cortical,35.0,11.5,5.2,No
RF.b_5463,5463,Micro-CT,A2,Maiolica,Blade,Non-cortical,39.0,12.5,2.5,No
RF.b_5464,5464,Micro-CT,A2,Maiolica,Bladelet,Non-cortical,23.7,8.5,2.5,No
RF.b_5465,5465,Micro-CT,A2,Maiolica,Bladelet,Non-cortical,13.8,5.2,1.3,No
RF.b_5466,5466,Micro-CT,A2,Maiolica,Bladelet,Non-cortical,25.7,10.4,1.4,No
RF.b_5467,5467,Micro-CT,A2,Maiolica,Bladelet,Non-cortical,16.7,7.6,1.1,No
RF.b_5469,5469,Micro-CT,A2,Maiolica,Bladelet,Non-cortical,26.0,9.9,3.4,No
RF.b_5470,5470,Micro-CT,A2,Maiolica,Bladelet,Non-cortical,25.4,7.6,1.8,No
RF.b_5472,5472,Micro-CT,A2,Maiolica,Bladelet,Non-cortical,34.9,8.1,2.3,No
RF.b_5473,5473,Micro-CT,A2,Maiolica,Blade,Non-cortical,36.4,12.4,3.1,No
RF.b_5475,5475,Micro-CT,A2,Maiolica,Bladelet,Non-cortical,17.2,5.3,1.6,No
RF.b_5476,5476,Micro-CT,A2,Maiolica,Bladelet,Non-cortical,20.0,7.1,2.1,No
RF.b_5478,5478,Micro-CT,A2,Maiolica,Blade,Non-cortical,45.3,16.7,3.6,No
RF.b_5480,5480,Micro-CT,A2,Maiolica,Bladelet,Non-cortical,17.0,5.7,1.3,No
RF.b_5481,5481,Micro-CT,A2,Maiolica,Bladelet,Non-cortical,29.2,8.5,2.6,No
RF.b_5482,5482,Micro-CT,A2,Scaglia.Rossa,Bladelet,Non-cortical,16.0,5.7,1.6,No
RF.b_5484,5484,Micro-CT,A2,Maiolica,Bladelet,Non-cortical,15.0,4.2,2.2,No
RF.b_5486,5486,Micro-CT,A2,Maiolica,Bladelet,Initialization,20.3,6.9,3.3,No
RF.b_5488,5488,Micro-CT,A2,Maiolica,Blade,Semi-cortical,49.1,14.0,5.0,No
RF.b_5490,5490,Micro-CT,A2,Maiolica,Blade,Semi-cortical,39.0,12.3,3.1,No
RF.b_5492,5492,Micro-CT,A2,Maiolica,Bladelet,Non-cortical,14.6,3.7,0.7,No
RF.b_5493,5493,Artec.Spider,A2,Maiolica,Blade,Non-cortical,55.0,17.6,6.3,No
RF.b_5494,5494,Micro-CT,A2,Maiolica,Blade,Semi-cortical,46.0,12.1,4.5,No
RF.b_5495,5495,Micro-CT,A2,Maiolica,Blade,Non-cortical,35.2,12.2,2.5,No
RF.b_5496,5496,Micro-CT,A2,Maiolica,Bladelet,Non-cortical,34.5,11.7,3.3,No
RF.b_5497,5497,Micro-CT,A2,Maiolica,Bladelet,Non-cortical,29.0,6.5,1.0,No
RF.b_5498,5498,Micro-CT,A2,Maiolica,Bladelet,Non-cortical,14.5,5.5,1.2,No
RF.b_5499,5499,Micro-CT,A2,Maiolica,Bladelet,Non-cortical,20.1,7.3,1.0,No
RF.b_5500,5500,Micro-CT,A2,Maiolica,Bladelet,Non-cortical,43.0,5.8,1.5,No
RF.b_5501,5501,Micro-CT,A2,Maiolica,Bladelet,Non-cortical,14.5,3.6,0.5,No
RF.b_5503,5503,Micro-CT,A2,Maiolica,Bladelet,Non-cortical,35.0,11.7,3.3,No
RF.b_5504,5504,Micro-CT,A2,Maiolica,Bladelet,Non-cortical,21.5,6.0,1.8,No
RF.b_5516,5516,Micro-CT,A2,Maiolica,Bladelet,Semi-cortical,24.6,8.3,2.7,No
RF.b_5518,5518,Micro-CT,A2,Scaglia.Variegata,Bladelet,Non-cortical,45.0,11.9,4.4,No
RF.b_5555,5555,Artec.Spider,A2,Maiolica,Blade,Maintenance,77.5,29.1,7.0,No
RF.b_5664,5664,Artec.Spider,A2.internal,Maiolica,Flake,Maintenance,38.70000076,18.79999924,6,No
RF.b_5717,5717,Micro-CT,A2,Scaglia.Variegata,Bladelet,Non-cortical,51.7,11.5,3.1,No
RF.b_5725,5725,Micro-CT,A2,Maiolica,Blade,Non-cortical,49.8,15.3,3.3,No
RF.b_5726,5726,Artec.Spider,A2,Maiolica,Blade,Semi-cortical,49.0,15.1,6.5,No
RF.b_5727,5727,Artec.Spider,A2,Maiolica,Blade,Non-cortical,54.6,15.8,4.2,No
RF.b_5729,5729,Micro-CT,A2,Maiolica,Bladelet,Non-cortical,23.0,6.7,2.3,No
RF.b_5730,5730,Artec.Spider,A2,Maiolica,Blade,Semi-cortical,50.5,20.0,6.5,No
RF.b_5731,5731,Micro-CT,A2,Maiolica,Bladelet,Non-cortical,24.5,8.7,2.0,No
RF.b_5735,5735,Micro-CT,A2,Scaglia.Variegata,Bladelet,Non-cortical,31.0,10.9,2.2,No
RF.b_5737,5737,Micro-CT,A2,Maiolica,Bladelet,Non-cortical,32.1,8.2,4.8,No
RF.b_5739,5739,Micro-CT,A2,Maiolica,Bladelet,Non-cortical,32.0,9.5,3.5,No
RF.b_5740,5740,Micro-CT,A2,Maiolica,Bladelet,Non-cortical,25.0,9.1,1.4,No
RF.b_5741,5741,Micro-CT,A2,Maiolica,Bladelet,Non-cortical,30.5,5.2,2.5,No
RF.b_5748,5748,Micro-CT,A2,Maiolica,Bladelet,Non-cortical,29.3,7.9,2.2,No
RF.b_5749,5749,Micro-CT,A2,Maiolica,Bladelet,Non-cortical,22.0,6.8,2.0,No
RF.b_5750,5750,Micro-CT,A2,Maiolica,Bladelet,Semi-cortical,45.6,9.0,2.6,No
RF.b_5751,5751,Micro-CT,A2,Maiolica,Bladelet,Maintenance,38.9,11.2,2.8,No
RF.b_5752,5752,Micro-CT,A2,Maiolica,Bladelet,Non-cortical,21.2,7.2,2.2,No
RF.b_5754,5754,Micro-CT,A2,Oolitic,Bladelet,Semi-cortical,28.0,9.7,2.4,No
RF.b_5757,5757,Artec.Spider,A2,Scaglia.Rossa,Blade,Semi-cortical,62.4,22.8,7.1,No
RF.b_5758,5758,Artec.Spider,A2,Maiolica,Blade,Semi-cortical,54.0,16.3,5.7,No
RF.b_5760,5760,Artec.Spider,A1,Maiolica,Blade,Initialization,67.2,24.6,10.9,No
RF.b_5761,5761,Micro-CT,A1,Maiolica,Bladelet,Non-cortical,22.7,7.9,3.0,No
RF.b_5762,5762,Micro-CT,A1,Maiolica,Bladelet,Non-cortical,22.5,6.8,2.6,No
RF.b_5763,5763,Micro-CT,A1,Scaglia.Rossa,Bladelet,Non-cortical,22.0,2.6,1.2,No
RF.b_5764,5764,Artec.Spider,A1,Scaglia.Rossa,Blade,Initialization,42.9,14.5,3.6,No
RF.b_5767,5767,Micro-CT,A1,Maiolica,Bladelet,Non-cortical,34.6,6.5,2.3,No
RF.b_5768,5768,Artec.Spider,A1,Scaglia.Rossa,Blade,Semi-cortical,73.0,25.9,5.8,No
RF.b_5771,5771,Micro-CT,A1,Maiolica,Bladelet,Non-cortical,24.6,9.7,1.8,No
RF.b_5773,5773,Artec.Spider,A1,Maiolica,Blade,Maintenance,43.0,18.1,6.3,No
RF.b_5774,5774,Micro-CT,A1,Maiolica,Bladelet,Non-cortical,42.0,11.8,2.5,No
RF.b_5777,5777,Artec.Spider,A1,Scaglia.Variegata,Blade,Initialization,70.0,28.0,10.2,No
RF.b_5779,5779,Micro-CT,A1,Scaglia.Variegata,Bladelet,Non-cortical,33.6,9.7,2.0,No
RF.b_5782,5782,Micro-CT,A1,Maiolica,Bladelet,Maintenance,34.0,10.2,4.1,No
RF.b_5783,5783,Micro-CT,A1,Maiolica,Blade,Non-cortical,41.6,12.8,2.8,No
RF.b_5784,5784,Artec.Spider,A1,Undetermined,Blade,Non-cortical,74.5,27.0,5.6,No
RF.b_5785,5785,Artec.Spider,A1,Maiolica,Blade,Non-cortical,53.5,16.6,5.0,No
RF.b_5786,5786,Micro-CT,A1,Scaglia.Rossa,Blade,Maintenance,34.6,15.4,3.0,No
RF.b_5788,5788,Micro-CT,A1,Scaglia.Variegata,Bladelet,Maintenance,25.2,9.0,5.9,No
RF.b_5790,5790,Artec.Spider,A1,Maiolica,Blade,Semi-cortical,60.2,15.0,5.5,No
RF.b_5791,5791,Micro-CT,A1,Scaglia.Rossa,Bladelet,Non-cortical,18.5,6.2,2.0,No
RF.b_5793,5793,Artec.Spider,A1,Maiolica,Bladelet,Initialization,42.3,11.9,4.8,No
RF.b_5798,5798,Micro-CT,A1,Maiolica,Bladelet,Non-cortical,26.0,7.5,2.1,No
RF.b_5799,5799,Micro-CT,A1,Maiolica,Bladelet,Non-cortical,32.5,8.3,2.2,No
RF.b_5805,5805,Micro-CT,A1,Maiolica,Bladelet,Non-cortical,35.0,9.4,3.0,No
RF.b_5807,5807,Micro-CT,A1,Scaglia.Variegata,Bladelet,Non-cortical,24.8,11.1,3.8,No
RF.b_5808,5808,Micro-CT,A1,Maiolica,Bladelet,Non-cortical,33.1,10.5,2.0,No
RF.b_5809,5809,Micro-CT,A1,Scaglia.Rossa,Blade,Maintenance,39.0,14.6,6.9,No
RF.b_5814,5814,Micro-CT,A1,Maiolica,Bladelet,Non-cortical,36.0,6.8,2.6,No
RF.b_5819,5819,Artec.Spider,A1,Scaglia.Variegata,Blade,Semi-cortical,46.7,15.4,2.2,No
RF.b_5821,5821,Micro-CT,A1,Maiolica,Blade,Non-cortical,39.0,13.8,3.1,No
RF.b_5823,5823,Micro-CT,A1,Maiolica,Bladelet,Initialization,29.5,7.9,4.7,No
RF.b_5824,5824,Micro-CT,A1,Maiolica,Blade,Non-cortical,38.5,12.7,3.5,No
RF.b_5825,5825,Micro-CT,A1,Scaglia.Variegata,Bladelet,Non-cortical,29.7,9.4,3.2,No
RF.b_5827,5827,Micro-CT,A1,Maiolica,Bladelet,Maintenance,39.1,11.1,5.0,No
RF.b_5828,5828,Micro-CT,A1,Maiolica,Bladelet,Non-cortical,37.5,8.3,2.2,No
RF.b_5831,5831,Artec.Spider,A1,Maiolica,Blade,Maintenance,57.8,22.3,7.2,No
RF.b_5832,5832,Micro-CT,A1,Maiolica,Bladelet,Non-cortical,28.6,10.1,2.4,No
RF.b_5833,5833,Micro-CT,A1,Maiolica,Bladelet,Non-cortical,35.0,8.0,1.9,No
RF.b_5834,5834,Micro-CT,A1,Maiolica,Bladelet,Non-cortical,25.0,8.8,2.3,No
RF.b_5835,5835,Micro-CT,A1,Maiolica,Blade,Maintenance,34.0,15.7,2.3,No
RF.b_5837,5837,Micro-CT,A1,Maiolica,Bladelet,Non-cortical,25.9,6.6,2.6,No
RF.b_5843,5843,Micro-CT,A1,Scaglia.Rossa,Bladelet,Non-cortical,34.7,9.8,2.5,No
RF.b_5844,5844,Micro-CT,A1,Maiolica,Bladelet,Non-cortical,27.3,6.9,2.0,No
RF.b_5849,5849,Micro-CT,A1,Scaglia.Rossa,Bladelet,Non-cortical,30.0,8.6,2.8,No
RF.b_585,585,Artec.Spider,A2,Maiolica,Blade,Maintenance,42.6,16.1,4.0,Yes
RF.b_5850,5850,Micro-CT,A1,Maiolica,Bladelet,Non-cortical,32.1,9.1,1.7,No
RF.b_5851,5851,Micro-CT,A1,Maiolica,Bladelet,Semi-cortical,34.0,8.7,3.3,No
RF.b_5852,5852,Micro-CT,A1,Maiolica,Bladelet,Non-cortical,18.2,4.0,1.2,No
RF.b_5856,5856,Micro-CT,A1,Scaglia.Variegata,Blade,Non-cortical,30.0,13.5,3.0,No
RF.b_5857,5857,Micro-CT,A1,Maiolica,Bladelet,Non-cortical,25.6,6.8,1.6,No
RF.b_5859,5859,Micro-CT,A1,Maiolica,Bladelet,Maintenance,30.5,10.2,2.0,No
RF.b_5861,5861,Micro-CT,A1,Maiolica,Blade,Semi-cortical,37.5,12.5,4.4,No
RF.b_5862,5862,Micro-CT,A1,Scaglia.Variegata,Bladelet,Non-cortical,27.0,5.6,3.3,No
RF.b_5863,5863,Micro-CT,A1,Undetermined,Bladelet,Non-cortical,20.3,8.5,2.2,No
RF.b_5865,5865,Micro-CT,A1,Scaglia.Rossa,Bladelet,Non-cortical,22.0,7.6,1.8,No
RF.b_5872,5872,Micro-CT,A1,Maiolica,Bladelet,Non-cortical,42.0,7.4,2.8,No
RF.b_5873,5873,Micro-CT,A1,Maiolica,Blade,Semi-cortical,44.1,13.1,2.7,No
RF.b_5875,5875,Micro-CT,A1,Maiolica,Blade,Non-cortical,41.2,12.1,3.1,No
RF.b_5877,5877,Micro-CT,A1,Maiolica,Blade,Non-cortical,40.7,15.5,4.5,No
RF.b_5878,5878,Micro-CT,A1,Maiolica,Bladelet,Maintenance,50.1,11.9,4.3,No
RF.b_5879,5879,Artec.Spider,A1,Scaglia.Variegata,Blade,Non-cortical,49.0,16.9,5.8,No
RF.b_5881,5881,Artec.Spider,A1,Maiolica,Blade,Initialization,48.4,17.6,7.9,No
RF.b_5883,5883,Micro-CT,A1,Scaglia.Rossa,Bladelet,Semi-cortical,47.0,11.0,6.7,No
RF.b_5885,5885,Micro-CT,A1,Maiolica,Bladelet,Non-cortical,36.0,9.7,2.3,No
RF.b_5887,5887,Micro-CT,A1,Scaglia.Variegata,Bladelet,Non-cortical,41.3,8.5,1.8,No
RF.b_5888,5888,Micro-CT,A1,Scaglia.Variegata,Bladelet,Non-cortical,39.0,10.0,3.1,No
RF.b_5889,5889,Micro-CT,A1,Scaglia.Variegata,Bladelet,Non-cortical,30.3,9.5,2.0,No
RF.b_5890,5890,Micro-CT,A1,Scaglia.Variegata,Bladelet,Non-cortical,34.6,10.5,2.0,No
RF.b_5893,5893,Micro-CT,A1,Maiolica,Blade,Non-cortical,47.5,16.7,4.2,No
RF.b_5897,5897,Micro-CT,A1,Scaglia.Rossa,Blade,Non-cortical,44.5,16.8,5.9,No
RF.b_5898,5898,Artec.Spider,A1,Maiolica,Blade,Initialization,44.2,15.9,6.1,No
RF.b_5900,5900,Artec.Spider,A1,Scaglia.Variegata,Blade,Maintenance,58.0,23.9,5.7,No
RF.b_5901,5901,Micro-CT,A1,Maiolica,Blade,Non-cortical,42.0,12.8,3.8,No
RF.b_5902,5902,Micro-CT,A1,Maiolica,Blade,Non-cortical,41.5,12.2,4.3,No
RF.b_5903,5903,Micro-CT,A1,Maiolica,Bladelet,Semi-cortical,53.3,11.4,3.4,No
RF.b_5904,5904,Micro-CT,A1,Scaglia.Variegata,Bladelet,Non-cortical,23.0,7.0,1.0,No
RF.b_5905,5905,Micro-CT,A1,Maiolica,Blade,Non-cortical,40.8,16.4,3.1,No
RF.b_5906,5906,Micro-CT,A1,Scaglia.Variegata,Blade,Initialization,45.0,17.1,3.4,No
RF.b_5907,5907,Micro-CT,A1,Maiolica,Bladelet,Non-cortical,18.2,4.7,0.9,No
RF.b_5908,5908,Micro-CT,A1,Maiolica,Bladelet,Non-cortical,42.3,11.3,1.3,No
RF.b_5909,5909,Artec.Spider,A1,Maiolica,Blade,Semi-cortical,51.2,16.5,4.8,No
RF.b_5910,5910,Artec.Spider,A1,Scaglia.Rossa,Blade,Non-cortical,49.0,22.2,7.0,No
RF.b_5912,5912,Artec.Spider,A1,Maiolica,Blade,Non-cortical,68.0,16.5,4.0,No
RF.b_5913,5913,Micro-CT,A1,Scaglia.Rossa,Blade,Maintenance,57.8,13.1,4.4,No
RF.b_5914,5914,Artec.Spider,A1,Maiolica,Blade,Non-cortical,67.0,24.4,3.9,No
RF.b_5915,5915,Micro-CT,A1,Maiolica,Blade,Non-cortical,35.6,13.2,1.9,No
RF.b_5916,5916,Micro-CT,A1,Scaglia.Rossa,Bladelet,Non-cortical,39.0,11.2,1.7,No
RF.b_5917,5917,Micro-CT,A1,Scaglia.Rossa,Bladelet,Non-cortical,30.4,7.0,3.8,No
RF.b_5918,5918,Micro-CT,A1,Maiolica,Bladelet,Non-cortical,21.7,7.5,1.2,No
RF.b_5925,5925,Micro-CT,A2,Maiolica,Blade,Non-cortical,46.5,13.3,4.3,No
RF.b_5927,5927,Micro-CT,A2,Oolitic,Blade,Non-cortical,43.0,17.7,4.5,No
RF.b_5928,5928,Artec.Spider,A2,Maiolica,Blade,Non-cortical,62.4,24.2,3.5,No
RF.b_5931,5931,Micro-CT,A1,Maiolica,Bladelet,Non-cortical,25.3,7.1,1.2,No
RF.b_5932,5932,Micro-CT,A1,Maiolica,Bladelet,Non-cortical,21.2,5.6,1.5,No
RF.b_5935,5935,Micro-CT,A1,Maiolica,Bladelet,Non-cortical,28.2,5.0,2.5,No
RF.b_5937,5937,Micro-CT,A1,Maiolica,Bladelet,Non-cortical,21.8,8.1,1.9,No
RF.b_5939,5939,Micro-CT,A1,Undetermined,Bladelet,Non-cortical,17.1,5.4,1.7,No
RF.b_5941,5941,Micro-CT,A1,Maiolica,Blade,Non-cortical,38.5,14.1,2.2,No
RF.b_5942,5942,Micro-CT,A1,Maiolica,Bladelet,Non-cortical,26.2,6.6,2.8,No
RF.b_5943,5943,Artec.Spider,A1,Maiolica,Blade,Maintenance,60.0,16.4,7.0,No
RF.b_5945,5945,Micro-CT,A1,Maiolica,Bladelet,Non-cortical,23.6,8.9,1.7,No
RF.b_5946,5946,Micro-CT,A1,Maiolica,Bladelet,Non-cortical,29.2,5.2,1.4,No
RF.b_5950,5950,Micro-CT,A1,Maiolica,Blade,Maintenance,43.0,15.1,4.2,No
RF.b_5952,5952,Artec.Spider,A2,Scaglia.Rossa,Blade,Non-cortical,52.0,15.8,3.5,No
RF.b_5954,5954,Artec.Spider,A2,Maiolica,Blade,Non-cortical,44.0,13.8,2.9,No
RF.b_6050,6050,Artec.Spider,A2,Maiolica,Blade,Semi-cortical,96.1,19.6,13.6,No
RF.b_6070,6070,Micro-CT,A2,Maiolica,Bladelet,Non-cortical,32.0,8.6,1.5,No
RF.b_6071,6071,Micro-CT,A2,Scaglia.Rossa,Bladelet,Non-cortical,25.7,10.6,2.2,No
RF.b_6073,6073,Micro-CT,A2,Oolitic,Bladelet,Non-cortical,18.0,7.9,2.2,No
RF.b_6074,6074,Micro-CT,A2,Maiolica,Blade,Maintenance,26.4,12.1,2.2,No
RF.b_6077,6077,Micro-CT,A2,Maiolica,Bladelet,Maintenance,52.0,10.4,4.2,No
RF.b_6084,6084,Micro-CT,A2,Maiolica,Bladelet,Non-cortical,37.0,9.6,2.2,No
RF.b_6085,6085,Micro-CT,A2,Maiolica,Bladelet,Non-cortical,16.5,8.0,1.9,No
RF.b_6086,6086,Micro-CT,A2,Scaglia.Rossa,Blade,Maintenance,41.6,14.1,3.8,No
RF.b_6091,6091,Micro-CT,A2,Maiolica,Bladelet,Non-cortical,13.0,5.0,0.8,No
RF.b_6093,6093,Micro-CT,A2,Scaglia.Rossa,Bladelet,Non-cortical,15.0,6.2,1.0,No
RF.b_6095,6095,Micro-CT,A2,Maiolica,Bladelet,Non-cortical,14.9,4.1,0.9,No
RF.b_6097,6097,Micro-CT,A2,Scaglia.Rossa,Bladelet,Non-cortical,17.7,8.0,2.0,No
RF.b_6098,6098,Micro-CT,A2,Maiolica,Bladelet,Non-cortical,16.5,5.9,1.2,No
RF.b_6145,6145,Micro-CT,A2,Scaglia.Variegata,Blade,Maintenance,42.0,12.9,3.4,No
RF.b_6146,6146,Micro-CT,A2,Scaglia.Variegata,Blade,Semi-cortical,41.7,13.0,3.3,No
RF.b_6157,6157,Micro-CT,A2,Maiolica,Blade,Maintenance,44.1,16.0,2.8,No
RF.b_6158,6158,Micro-CT,A2,Maiolica,Bladelet,Non-cortical,32.8,9.3,1.5,No
RF.b_6159,6159,Micro-CT,A2,Scaglia.Variegata,Bladelet,Non-cortical,19.8,5.9,0.8,No
RF.b_6160,6160,Micro-CT,A2,Maiolica,Bladelet,Non-cortical,28.0,5.1,3.0,No
RF.b_6165,6165,Micro-CT,A2,Maiolica,Bladelet,Semi-cortical,33.7,7.7,1.6,No
RF.b_6166,6166,Micro-CT,A2,Maiolica,Bladelet,Semi-cortical,36.0,10.7,1.9,No
RF.b_6168,6168,Micro-CT,A2,Maiolica,Bladelet,Non-cortical,32.0,10.3,2.2,No
RF.b_6170,6170,Micro-CT,A2,Scaglia.Variegata,Bladelet,Non-cortical,28.5,10.2,1.4,No
RF.b_6171,6171,Micro-CT,A2,Maiolica,Bladelet,Non-cortical,22.3,5.8,1.8,No
RF.b_6174,6174,Micro-CT,A2,Scaglia.Variegata,Bladelet,Non-cortical,17.6,4.2,1.2,No
RF.b_6175,6175,Micro-CT,A2,Maiolica,Bladelet,Semi-cortical,20.0,5.2,1.7,No
RF.b_6176,6176,Micro-CT,A2,Undetermined,Bladelet,Non-cortical,23.4,7.3,1.2,No
RF.b_6186,6186,Micro-CT,A2,Undetermined,Bladelet,Non-cortical,21.3,5.1,1.1,Yes
RF.b_6202,6202,Micro-CT,A2,Scaglia.Variegata,Bladelet,Initialization,31.2,11.7,5.3,No
RF.b_6294,6294,Artec.spider,A2,Maiolica,Core,Carinated,26,35.3,43.4,No
RF.b_6295,6295,Artec.spider,A2.internal,Maiolica,Core,Carinated,19.8,33.6,40.3,No
RF.b_6303,6303,Artec.spider,A2,Maiolica,Core,Carinated,16,29.1,30.1,No
RF.b_6335,6335,Micro-CT,A2,Maiolica,Blade,Maintenance,50.0,15.0,4.1,No
RF.b_6348,6348,Artec.Spider,A2,Undetermined,Blade,Maintenance,71.1,22.8,4.9,Yes
RF.b_6387,6387,Artec.Spider,A2,Radiolarite,Blade,Initialization,64.4,29.4,8.1,No
RF.b_6388,6388,Micro-CT,A1,Radiolarite,Bladelet,Maintenance,32.0,7.9,3.1,No
RF.b_6401,6401,Artec.Spider,A2,Radiolarite,Blade,Maintenance,58.8,12.3,5.5,No
RF.b_6418,6418,Artec.Spider,A2,Maiolica,Blade,Maintenance,44.0,18.5,7.3,No
RF.b_6422,6422,Artec.Spider,A2,Maiolica,Blade,Maintenance,54.1,20.0,10.5,No
RF.b_6430,6430,Micro-CT,A2,Maiolica,Blade,Semi-cortical,44.7,12.6,3.6,No
RF.b_6617,6617,Micro-CT,D3d.base,Maiolica,Bladelet,Non-cortical,33.2,7.1,2.6,No
RF.b_6626,6626,Artec.Spider,D3b,Maiolica,Blade,Semi-cortical,81.0,16.6,4.0,No
RF.b_6650,6650,Micro-CT,D3b,Maiolica,Bladelet,Maintenance,28.5,11.5,2.5,No
RF.b_6652,6652,Micro-CT,D3b,Maiolica,Bladelet,Non-cortical,28.0,9.1,2.7,No
RF.b_6653,6653,Micro-CT,D3b,Maiolica,Bladelet,Non-cortical,21.0,9.2,1.2,No
RF.b_6654,6654,Artec.Spider,D3b,Maiolica,Blade,Non-cortical,43.3,15.5,6.5,No
RF.b_6684,6684,Micro-CT,D3b,Maiolica,Bladelet,Non-cortical,19.0,6.0,2.2,No
RF.b_6720,6720,Micro-CT,D3b,Maiolica,Bladelet,Non-cortical,36.0,8.8,2.5,No
RF.b_6725,6725,Micro-CT,D3b,Maiolica,Bladelet,Maintenance,16.9,3.4,1.2,No
RF.b_6726,6726,Artec.Spider,D3b,Maiolica,Blade,Non-cortical,57.0,20.5,3.9,No
RF.b_6735,6735,Micro-CT,D3b,Maiolica,Bladelet,Non-cortical,19.2,8.8,1.7,No
RF.b_6838,6838,Micro-CT,D3d.base,Maiolica,Bladelet,Non-cortical,41.7,9.5,4.1,No
RF.b_6849,6849,Micro-CT,D3d.base,Maiolica,Bladelet,Non-cortical,18.1,6.5,1.5,No
RF.b_6853,6853,Artec.Spider,D3d.base,Maiolica,Blade,Non-cortical,63.0,26.6,3.5,No
RF.b_6857,6857,Micro-CT,D3d.base,Maiolica,Bladelet,Non-cortical,25.1,9.0,2.1,No
RF.b_6863,6863,Artec.Spider,D3d.base,Maiolica,Blade,Maintenance,62.5,23.0,6.4,No
RF.b_6881,6881,Artec.Spider,D3d.base,Maiolica,Blade,Maintenance,46.3,16.3,7.2,No
RF.b_6882,6882,Micro-CT,D3d.base,Maiolica,Bladelet,Non-cortical,28.5,6.8,2.6,No
RF.b_689,689,Artec.Spider,A1,Scaglia.Variegata,Blade,Non-cortical,92.3,29.2,7.7,No
RF.b_691,691,Micro-CT,A2,Maiolica,Blade,Maintenance,40.1,13.1,2.6,No
RF.b_6914,6914,Artec.Spider,D3d.base,Maiolica,Blade,Maintenance,51.3,14.2,6.2,No
RF.b_692,692,Artec.Spider,A2,Scaglia.Variegata,Blade,Non-cortical,58.0,14.8,4.7,No
RF.b_6933,6933,Micro-CT,D3d.base,Maiolica,Blade,Non-cortical,37.1,13.8,7.5,No
RF.b_6937,6937,Micro-CT,D3d.base,Maiolica,Blade,Non-cortical,35.1,12.2,1.8,No
RF.b_694,694,Artec.Spider,A2,Undetermined,Blade,Semi-cortical,67.0,27.1,12.1,No
RF.b_695,695,Artec.Spider,A2,Eocenic,Blade,Maintenance,72.6,25.7,5.6,No
RF.b_6975,6975,Artec.Spider,D3d.base,Scaglia.Variegata,Blade,Initialization,71.0,18.9,14.5,No
RF.b_6988,6988,Micro-CT,D3d.base,Scaglia.Variegata,Bladelet,Non-cortical,30.0,7.7,3.6,No
RF.b_700,700,Artec.Spider,A2,Scaglia.Variegata,Blade,Semi-cortical,74.0,21.1,5.1,No
RF.b_7055,7055,Artec.Spider,D3b,Maiolica,Blade,Semi-cortical,54.0,21.7,3.8,No
RF.b_7056,7056,Micro-CT,D3b,Maiolica,Blade,Maintenance,33.7,14.8,6.4,No
RF.b_7063,7063,Micro-CT,D3d,Maiolica,Bladelet,Maintenance,31.5,11.6,4.4,No
RF.b_707,707,Micro-CT,A2,Maiolica,Bladelet,Non-cortical,23.1,4.0,1.7,No
RF.b_7077,7077,Micro-CT,D3d,Maiolica,Bladelet,Non-cortical,27.0,6.9,1.4,No
RF.b_709,709,Micro-CT,A1,Undetermined,Blade,Non-cortical,45.0,12.3,3.3,No
RF.b_710,710,Micro-CT,A1,Scaglia.Variegata,Bladelet,Non-cortical,57.8,10.5,4.5,No
RF.b_713,713,Micro-CT,A1,Maiolica,Bladelet,Semi-cortical,55.1,11.5,4.1,No
RF.b_7132,7132,Micro-CT,D3d,Maiolica,Bladelet,Non-cortical,23.2,4.8,1.7,No
RF.b_7133,7133,Micro-CT,D3d,Maiolica,Bladelet,Non-cortical,30.0,6.5,1.6,No
RF.b_7134,7134,Micro-CT,D3d,Maiolica,Bladelet,Non-cortical,22.5,7.5,1.5,No
RF.b_720,720,Artec.Spider,A2,Scaglia.Rossa,Blade,Maintenance,51.0,15.3,4.0,No
RF.b_7206,7206,Micro-CT,D3d,Maiolica,Bladelet,Maintenance,32.0,11.2,2.6,No
RF.b_722,722,Micro-CT,A2,Maiolica,Blade,Non-cortical,50.5,13.3,3.4,No
RF.b_7232,7232,Micro-CT,D3d.base,Maiolica,Bladelet,Semi-cortical,25.7,9.2,1.2,No
RF.b_724,724,Artec.Spider,A2,Maiolica,Blade,Maintenance,91.0,29.7,11.0,No
RF.b_725,725,Artec.Spider,A1,Maiolica,Blade,Initialization,102.5,21.7,15.0,No
RF.b_7250,7250,Micro-CT,D3d.base,Maiolica,Bladelet,Maintenance,28.4,11.5,5.4,No
RF.b_728,728,Artec.Spider,A2,Maiolica,Blade,Non-cortical,70.3,20.3,6.0,No
RF.b_7288,7288,Artec.Spider,D3d.base,Maiolica,Blade,Non-cortical,53.0,15.7,3.4,No
RF.b_729,729,Artec.Spider,A2,Maiolica,Blade,Maintenance,59.0,16.0,6.6,No
RF.b_7295,7295,Artec.Spider,D3d.base,Maiolica,Blade,Non-cortical,75.5,34.1,7.1,No
RF.b_737,737,Artec.Spider,A2,Maiolica,Blade,Maintenance,56.0,14.7,5.0,No
RF.b_738,738,Micro-CT,A2,Maiolica,Blade,Maintenance,43.0,12.1,2.9,No
RF.b_739,739,Micro-CT,A2,Maiolica,Blade,Maintenance,49.2,13.2,3.6,No
RF.b_7390,7390,Micro-CT,D3d.base,Scaglia.Variegata,Bladelet,Non-cortical,28.0,8.6,2.3,No
RF.b_74,74,Micro-CT,A1,Scaglia.Rossa,Blade,Non-cortical,46.0,15.3,5.1,No
RF.b_7404,7404,Micro-CT,D3d.base,Maiolica,Blade,Semi-cortical,45.5,12.8,5.1,No
RF.b_742,742,Micro-CT,A2,Maiolica,Bladelet,Maintenance,45.9,8.8,2.7,No
RF.b_7458,7458,Micro-CT,D3d.base,Maiolica,Bladelet,Non-cortical,22.0,9.8,1.8,No
RF.b_746,746,Artec.Spider,A2,Scaglia.Variegata,Blade,Non-cortical,66.7,16.1,5.9,No
RF.b_747,747,Artec.Spider,A2,Maiolica,Blade,Semi-cortical,57.3,18.1,4.6,No
RF.b_749,749,Artec.Spider,A2,Scaglia.Variegata,Blade,Maintenance,46.6,14.0,4.8,No
RF.b_7494,7494,Micro-CT,D3d.base,Scaglia.Rossa,Bladelet,Non-cortical,23.0,8.6,2.6,No
RF.b_75,75,Artec.Spider,A1,Scaglia.Rossa,Blade,Semi-cortical,46.2,18.0,9.0,Yes
RF.b_752,752,Micro-CT,A2,Maiolica,Bladelet,Maintenance,57.7,11.6,4.3,No
RF.b_754,754,Artec.Spider,A2,Scaglia.Variegata,Blade,Initialization,70.4,17.7,8.6,No
RF.b_7541,7541,Micro-CT,D3d.base,Maiolica,Bladelet,Maintenance,26.3,10.3,2.2,No
RF.b_755,755,Artec.Spider,A2,Undetermined,Blade,Maintenance,61.8,23.1,5.3,No
RF.b_757,757,Artec.Spider,A2,Eocenic,Blade,Semi-cortical,76.3,23.0,4.0,No
RF.b_7583,7583,Micro-CT,D3d.base,Scaglia.Variegata,Blade,Semi-cortical,39.4,12.5,3.6,No
RF.b_760,760,Micro-CT,A2,Maiolica,Blade,Non-cortical,47.3,14.8,2.7,No
RF.b_764,764,Artec.Spider,A2,Scaglia.Rossa,Blade,Maintenance,50.5,15.7,3.0,No
RF.b_7692,7692,Micro-CT,D3d.base,Maiolica,Bladelet,Non-cortical,27.9,8.5,2.3,No
RF.b_773,773,Artec.Spider,A2,Maiolica,Blade,Non-cortical,74.8,18.0,5.3,No
RF.b_774,774,Artec.Spider,A2,Maiolica,Blade,Non-cortical,80.6,19.5,5.3,No
RF.b_786,786,Micro-CT,A2,Maiolica,Bladelet,Non-cortical,41.7,10.5,1.5,No
RF.b_793,793,Artec.Spider,A1,Maiolica,Blade,Semi-cortical,103.7,27.7,17.3,Yes
RF.b_794,794,Artec.Spider,A2,Maiolica,Blade,Initialization,70.7,21.5,10.2,No
RF.b_796,796,Artec.Spider,A2,Maiolica,Blade,Non-cortical,80.5,18.3,7.3,No
RF.b_798,798,Artec.Spider,A2,Maiolica,Blade,Semi-cortical,57.2,19.4,2.6,No
RF.b_80,80,Artec.Spider,A2,Maiolica,Blade,Maintenance,107.1,35.0,9.3,Yes
RF.b_800,800,Artec.Spider,A2,Maiolica,Blade,Maintenance,75.0,18.6,9.9,No
RF.b_801,801,Artec.Spider,A2,Maiolica,Blade,Non-cortical,54.0,14.3,4.8,No
RF.b_803,803,Artec.Spider,A1,Maiolica,Blade,Semi-cortical,79.0,34.5,10.7,No
RF.b_8093,8093,Micro-CT,D3b,Maiolica,Bladelet,Non-cortical,33.0,11.7,3.4,No
RF.b_8095,8095,Micro-CT,D3b,Maiolica,Blade,Non-cortical,31.5,13.3,2.2,No
RF.b_81,81,Artec.Spider,A2,Maiolica,Blade,Maintenance,75.3,24.3,7.6,Yes
RF.b_8111,8111,Micro-CT,D3d,Maiolica,Bladelet,Non-cortical,28.3,3.3,4.8,No
RF.b_8115,8115,Artec.Spider,D3d,Maiolica,Blade,Semi-cortical,69.3,30.5,9.6,Yes
RF.b_815,815,Micro-CT,A2,Maiolica,Bladelet,Non-cortical,18.5,4.9,1.3,No
RF.b_82,82,Artec.Spider,A2,Maiolica,Blade,Maintenance,59.6,24.6,5.9,Yes
RF.b_8257,8257,Artec.Spider,D3b.alpha,Maiolica,Blade,Semi-cortical,64.0,27.1,7.6,No
RF.b_8258,8258,Micro-CT,D3b.alpha,Maiolica,Bladelet,Non-cortical,24.3,7.3,1.9,No
RF.b_8259,8259,Micro-CT,D3b.alpha,Maiolica,Bladelet,Non-cortical,26.0,8.4,2.3,No
RF.b_8260,8260,Micro-CT,D3b.alpha,Maiolica,Bladelet,Non-cortical,18.5,5.4,1.5,No
RF.b_8261,8261,Micro-CT,D3b.alpha,Maiolica,Bladelet,Non-cortical,22.0,7.7,1.3,No
RF.b_8262,8262,Micro-CT,D3b.alpha,Maiolica,Bladelet,Maintenance,35.1,11.6,3.6,No
RF.b_8264,8264,Micro-CT,D3b.alpha,Maiolica,Bladelet,Non-cortical,27.0,11.2,4.1,No
RF.b_8265,8265,Micro-CT,D3b.alpha,Maiolica,Bladelet,Non-cortical,23.8,7.3,1.2,No
RF.b_8266,8266,Micro-CT,D3b.alpha,Maiolica,Bladelet,Non-cortical,28.6,10.7,2.0,No
RF.b_8267,8267,Micro-CT,D3b.alpha,Maiolica,Bladelet,Non-cortical,21.6,6.4,2.3,No
RF.b_8268,8268,Micro-CT,D3b.alpha,Maiolica,Bladelet,Non-cortical,24.8,8.6,1.4,No
RF.b_8269,8269,Micro-CT,D3b.alpha,Maiolica,Bladelet,Non-cortical,22.3,8.4,2.7,No
RF.b_8270,8270,Micro-CT,D3b.alpha,Maiolica,Blade,Non-cortical,28.6,13.3,2.2,No
RF.b_8271,8271,Micro-CT,D3b.alpha,Maiolica,Bladelet,Non-cortical,26.1,9.9,2.0,No
RF.b_8274,8274,Micro-CT,D3b.alpha,Maiolica,Bladelet,Non-cortical,21.0,9.4,2.9,No
RF.b_8278,8278,Micro-CT,D3b.alpha,Maiolica,Bladelet,Non-cortical,20.0,7.2,1.8,No
RF.b_8328,8328,Micro-CT,D3b.alpha,Maiolica,Bladelet,Non-cortical,22.2,5.4,1.9,No
RF.b_8329,8329,Micro-CT,D3b.alpha,Maiolica,Bladelet,Non-cortical,28.1,5.9,3.6,No
RF.b_8331,8331,Micro-CT,D3b.alpha,Maiolica,Bladelet,Maintenance,29.0,6.5,2.4,No
RF.b_8332,8332,Micro-CT,D3b.alpha,Maiolica,Bladelet,Non-cortical,27.0,5.8,4.0,No
RF.b_8333,8333,Micro-CT,D3b.alpha,Maiolica,Bladelet,Maintenance,24.8,7.0,2.7,No
RF.b_8336,8336,Micro-CT,D3b.alpha,Maiolica,Bladelet,Non-cortical,17.8,3.3,1.0,No
RF.b_8338,8338,Micro-CT,D3b.alpha,Maiolica,Blade,Maintenance,29.0,12.3,3.3,No
RF.b_8340,8340,Micro-CT,D3b.alpha,Maiolica,Bladelet,Non-cortical,21.6,10.0,1.6,No
RF.b_8341,8341,Micro-CT,D3b.alpha,Maiolica,Bladelet,Non-cortical,19.0,8.7,2.2,No
RF.b_8343,8343,Micro-CT,D3b.alpha,Maiolica,Bladelet,Semi-cortical,16.7,7.5,1.8,No
RF.b_8345,8345,Micro-CT,D3b.alpha,Maiolica,Bladelet,Non-cortical,13.2,5.6,1.5,No
RF.b_8346,8346,Micro-CT,D3b.alpha,Maiolica,Bladelet,Non-cortical,18.5,7.0,1.6,No
RF.b_8347,8347,Micro-CT,D3b.alpha,Maiolica,Bladelet,Non-cortical,15.0,5.4,1.2,No
RF.b_8348,8348,Micro-CT,D3b.alpha,Maiolica,Bladelet,Non-cortical,13.6,6.2,1.2,No
RF.b_842,842,Artec.Spider,A2,Oolitic,Blade,Maintenance,95.0,21.8,5.8,No
RF.b_849,849,Artec.Spider,A2,Maiolica,Blade,Semi-cortical,71.0,32.0,10.3,No
RF.b_911,911,Micro-CT,A1,Maiolica,Bladelet,Non-cortical,32.1,9.2,3.0,No
RF.b_913,913,Micro-CT,A1,Scaglia.Rossa,Bladelet,Non-cortical,23.8,7.4,2.1,No
RF.b_914,914,Micro-CT,A2,Maiolica,Bladelet,Non-cortical,35.1,5.7,2.4,Yes
RF.b_918,918,Micro-CT,A2,Scaglia.Variegata,Bladelet,Non-cortical,42.1,10.4,3.8,Yes
RF.b_921,921,Micro-CT,A2,Maiolica,Bladelet,Non-cortical,18.3,4.0,1.2,Yes
RF.b_922,922,Micro-CT,A1,Maiolica,Bladelet,Non-cortical,32.7,6.8,1.9,Yes
RF.b_9337,9337,Artec.Spider,D3d,Maiolica,Blade,Non-cortical,56.0,21.8,2.7,No
RF.b_937,937,Micro-CT,A1,Maiolica,Bladelet,Non-cortical,35.4,7.5,2.1,Yes
RF.b_9392,9392,Micro-CT,D3d,Maiolica,Bladelet,Non-cortical,33.2,10.4,2.5,No
RF.b_9416,9416,Micro-CT,D3b.alpha,Undetermined,Bladelet,Non-cortical,22.8,4.5,1.5,Yes
RF.b_9417,9417,Artec.Spider,D3b.alpha,Maiolica,Blade,Semi-cortical,82.6,38.0,11.0,Yes
RF.b_9431,9431,Artec.Spider,D3d,Maiolica,Blade,Maintenance,102.1,56.1,15.3,No
RF.b_9433,9433,Artec.Spider,D3d.base,Maiolica,Blade,Non-cortical,59.8,20.6,5.8,No
RF.b_9437,9437,Artec.Spider,D1c,Scaglia.Variegata,Blade,Non-cortical,na,18.79999924,5.300000191,No
RF.b_9441,9441,Artec.Spider,D3d,Scaglia.Variegata,Blade,Semi-cortical,63.3,20.0,4.5,Yes
RF.b_9444,9444,Artec.Spider,D1c,Scaglia.Rossa,Blade,Non-cortical,na,21.89999962,6.699999809,Yes
RF.b_947,947,Micro-CT,A2,Scaglia.Variegata,Bladelet,Non-cortical,38.5,8.4,1.8,Yes
RF.b_949,949,Micro-CT,A1,Maiolica,Bladelet,Non-cortical,23.8,4.4,1.5,Yes
RF.b_9493,9493,Artec.Spider,D6,Scaglia.Rossa,Flake,Non-cortical,52.70000076,40.29999924,6.400000095,Yes
RF.b_9494,9494,Micro-CT,D3b,Scaglia.Rossa,Bladelet,Non-cortical,28.4,11.7,4.7,No
RF.b_9505,9505,Artec.Spider,D3d.base,Maiolica,Blade,Maintenance,na,26.10000038,12.69999981,Yes
RF.b_9510,9510,Artec.Spider,D3d.base,Maiolica,Blade,Initialization,54.4,12.2,6.9,No
RF.b_958,958,Micro-CT,A1,Scaglia.Variegata,Bladelet,Non-cortical,17.8,3.4,1.2,Yes
RF.b_960,960,Micro-CT,A2,Scaglia.Variegata,Bladelet,Non-cortical,26.4,6.2,1.7,Yes
RF.b_9624,9624,Micro-CT,D3b.alpha,Maiolica,Bladelet,Non-cortical,15.8,6.0,1.9,Yes
RF.b_9625,9625,Micro-CT,D3b.alpha,Maiolica,Bladelet,Non-cortical,14.5,5.6,1.8,Yes
RF.b_9633,9633,Micro-CT,D3b.alpha,Maiolica,Bladelet,Non-cortical,15.5,5.5,1.2,Yes
RF.b_9789,9789,Micro-CT,D3d.base,Maiolica,Bladelet,Non-cortical,32.9,5.6,2.0,Yes
RF.b_9801,9801,Artec.spider,D3b.alpha,Maiolica,Core,Carinated,20.5,49.6,32.4,No
RF.b_9812,9812,Artec.spider,D3b.alpha,Maiolica,Core,Carinated,20.3,36.5,45.6,No
RF.b_9814,9814,Artec.spider,D3b.alpha,Maiolica,Core,Carinated,16.6,17.6,25.2,No
RF.b_984,984,Micro-CT,A2,Scaglia.Variegata,Bladelet,Non-cortical,20.0,5.4,2.9,Yes
RF.b_9872,9872,Artec.Spider,D1c,Maiolica,Blade,Maintenance,51,16.60000038,3.599999905,No
RF.b_9875,9875,Artec.Spider,D1c,Undetermined,Flake,Maintenance,73.09999847,41.09999847,21.89999962,No
RF.b_9888,9888,Artec.Spider,D1c,Maiolica,Blade,Non-cortical,67,20.10000038,3.700000048,No
RF.b_9898,9898,Artec.Spider,D1d,Maiolica,Blade,Semi-cortical,109.9000015,18.89999962,6.400000095,No
RF.b_9899,9899,Artec.Spider,D1d,Scaglia.Rossa,Blade,Non-cortical,61.29999924,12.69999981,6.099999905,No
RF.b_9905,9905,Artec.Spider,D1c,Maiolica,Blade,Maintenance,49,18.39999962,2.5,No
RF.b_9941,9941,Artec.Spider,D1c,Maiolica,Tablet,Maintenance,40.20000076,31,8.5,No
RF.b_9983,9983,Micro-CT,D3d,Scaglia.Rossa,Bladelet,Non-cortical,19.7,4.9,1.2,Yes
RF.c_10,10,Artec.spider,A2,Scaglia.Variegata,Core,Narrow-sided,53,24,47.70000076,No
RF.c_100,100,Artec.spider,A2.internal,Scaglia.Rossa,Core,Narrow-sided,43.5,28.60000038,37.79999924,No
RF.c_103,103,Artec.spider,A2.internal,Maiolica,Core,Initial.narrow-sided,61.79999924,25,38,No
RF.c_104,104,Artec.spider,A2.internal,Maiolica,Core,Initial.semi-circumferential,39,24.79999924,15.5,No
RF.c_11,11,Artec.spider,A1,Maiolica,Core,Narrow-sided,50.20000076,33.09999847,23.20000076,No
RF.c_111,111,Artec.spider,A2.internal,Scaglia.Variegata,Core,Narrow-sided,38.40000153,20.29999924,37.29999924,No
RF.c_114,114,Artec.spider,A2.internal,Maiolica,Core,Multi-platform,33.70000076,35.79999924,18,No
RF.c_117,117,Artec.spider,A2.internal,Scaglia.Variegata,Core,Initial.semi-circumferential,40.2,43.5,32.09999847,No
RF.c_118,118,Artec.spider,A1,Maiolica,Core,Initial.undetermined,72.09999847,36.09999847,31.5,No
RF.c_12,12,Artec.spider,A2.internal,Maiolica,Core,Narrow-sided,61.5,26.20000076,20.20000076,No
RF.c_120,120,Artec.spider,A1,Maiolica,Core,Initial.undetermined,62,55,27,No
RF.c_13,13,Artec.spider,A2,Maiolica,Core,Semi-circumferential,36.29999924,47.79999924,52.20000076,No
RF.c_132,132,Artec.spider,A2,Maiolica,Core,Initial.semi-circumferential,24.5,38.79999924,36.09999847,No
RF.c_133,133,Artec.spider,A2.internal,Maiolica,Core,Initial.semi-circumferential,21.10000038,43.59999847,38.79999924,No
RF.c_136,136,Artec.spider,A1,Maiolica,Core,Initial.narrow-sided,29.5,28.79999924,41.29999924,No
RF.c_137,137,Artec.spider,A1,Maiolica,Core,Initial.undetermined,69.5,74.5,36.79999924,No
RF.c_138,138,Artec.spider,A1,Maiolica,Core,Initial.narrow-sided,37.79999924,50,63.29999924,No
RF.c_139,139,Artec.spider,A2.internal,Maiolica,Core,Initial.narrow-sided,52.79999924,30.10000038,37.79999924,No
RF.c_14,14,Artec.spider,A2.internal,Maiolica,Core,Narrow-sided,42.59999847,30.29999924,42.09999847,No
RF.c_140,140,Artec.spider,A1,Scaglia.Variegata,Core,Initial.narrow-sided,50.5,29,61.59999847,No
RF.c_141,141,Artec.spider,A2.internal,Maiolica,Core,Initial.semi-circumferential,57.59999847,66,43.59999847,No
RF.c_148,148,Artec.spider,A2.internal,Maiolica,Core,Initial.carinated,22.5,32,40.09999847,No
RF.c_15,15,Artec.spider,A1,Scaglia.Variegata,Core,Semi-circumferential,33.20000076,24.79999924,44.79999924,No
RF.c_152,152,Artec.spider,A2,Maiolica,Core,Initial.narrow-sided,38.09999847,20,24,No
RF.c_16,16,Artec.spider,A2,Maiolica,Core,Multi-platform,27,21.79999924,20.10000038,No
RF.c_161,161,Artec.spider,A2.internal,Maiolica,Core,Multi-platform,47,53.29999924,53.70000076,No
RF.c_163,163,Artec.spider,A2.internal,Maiolica,Core,Multi-platform,38,43.79999924,24.5,No
RF.c_166,166,Artec.spider,A2,Maiolica,Core,Multi-platform,35.09999847,38.79999924,23.5,No
RF.c_169,169,Artec.spider,A2.internal,Maiolica,Core,Narrow-sided,40.5,19.79999924,25,No
RF.c_17,17,Artec.spider,A2.internal,Scaglia.Variegata,Core,Semi-circumferential,30.39999962,26.20000076,36.29999924,No
RF.c_170,170,Artec.spider,A2.internal,Maiolica,Core,Initial.narrow-sided,24.10000038,42.59999847,46.59999847,No
RF.c_171,171,Artec.spider,A2.internal,Maiolica,Core,Narrow-sided,43.09999847,17,43.90000153,No
RF.c_172,172,Artec.spider,A2.internal,Maiolica,Core,Narrow-sided,62.40000153,32,30.29999924,No
RF.c_173,173,Artec.spider,A2.internal,Scaglia.Variegata,Core,Wide-faced flat,39.09999847,38.90000153,16.5,No
RF.c_174,174,Artec.spider,A2.internal,Scaglia.Variegata,Core,Semi-circumferential,31.60000038,23.89999962,43.29999924,No
RF.c_175,175,Artec.spider,A2.internal,Scaglia.Rossa,Core,Multi-platform,33.59999847,31,37,No
RF.c_176,176,Artec.Spider,A2,Scaglia.Variegata,Core,Burin,49.5,38.70000076,12.69999981,No
RF.c_178,178,Artec.Spider,A2.internal,Maiolica,Core,Burin,62.29999924,10.30000019,24.79999924,No
RF.c_18,18,Artec.spider,A2.internal,Scaglia.Variegata,Core,Semi-circumferential,25,20.5,34.59999847,No
RF.c_189,189,Artec.spider,A2.internal,Maiolica,Core,Multi-platform,45,50.40000153,29.5,No
RF.c_19,19,Artec.spider,A2,Maiolica,Core,Semi-circumferential,47.29999924,43.5,69.30000305,No
RF.c_191,191,Artec.spider,A2.internal,Maiolica,Core,Carinated,19.60000038,27.60000038,31.20000076,No
RF.c_192,192,Artec.spider,A2.internal,Maiolica,Core,Carinated,18.5,35.90000153,40.20000076,No
RF.c_193,193,Artec.spider,A2.internal,Scaglia.Variegata,Core,Initial.semi-circumferential,35.09999847,62,28.79999924,No
RF.c_194,194,Artec.spider,A2.internal,Maiolica,Core,Carinated,25.6,26.6,37.3,No
RF.c_196,196,Artec.Spider,D6,Maiolica,Core,Wide-faced flat,34.09999847,28.29999924,12.69999981,No
RF.c_197,197,Artec.Spider,D6,Maiolica,Core,Semi-circumferential,40.5,37.40000153,22,No
RF.c_198,198,Artec.Spider,D3+D6,Maiolica,Core,Semi-circumferential,30.20000076,24.5,16.70000076,No
RF.c_20,20,Artec.spider,A2.internal,Maiolica,Core,Wide-faced flat,44.70000076,28.70000076,20.70000076,No
RF.c_200,200,Artec.spider,D3d,Maiolica,Core,Initial.narrow-sided,49.79999924,75,23.89999962,No
RF.c_202,202,Artec.Spider,D6,Maiolica,Core,Initial,23.20000076,53.90000153,40.5,No
RF.c_203,203,Artec.Spider,D6,Maiolica,Core,Narrow-sided,33.29999924,15,17.20000076,No
RF.c_205,205,Artec.spider,D3b.alpha,Scaglia.Variegata,Core,Narrow-sided,45,13,43.70000076,No
RF.c_205,205,Artec.Spider,D3b.alpha,Scaglia.Variegata,Core,Narrow-sided,45,13,43.70000076,No
RF.c_207,207,Artec.spider,D3b.alpha,Scaglia.Variegata,Core,Carinated,37.29999924,40.29999924,55.20000076,No
RF.c_21,21,Artec.spider,A2,Maiolica,Core,Narrow-sided,60.59999847,49.29999924,68.59999847,No
RF.c_212,212,Artec.spider,D3d.base,Scaglia.Rossa,Core,Carinated,19.70000076,30.79999924,43.20000076,No
RF.c_213,213,Artec.spider,D3b,Maiolica,Core,Carinated,24.39999962,39.5,46.90000153,No
RF.c_214,214,Artec.Spider,D6,Maiolica,Core,Carinated,21.10000038,25.89999962,26,No
RF.c_215,215,Artec.spider,D3b,Maiolica,Core,Multi-platform,34.29999924,32.79999924,33,No
RF.c_216,216,Artec.Spider,D6,Scaglia.Rossa,Core,Carinated,31,35.79999924,49.29999924,No
RF.c_217,217,Artec.spider,D3b,Other,Core,Semi-circumferential,32,39,36,No
RF.c_218,218,Artec.Spider,D1c,Oolitic,Core,Semi-circumferential,52.5,48,28.70000076,No
RF.c_219,219,Artec.Spider,D1c,Scaglia.Variegata,Core,Multi-platform,67.59999847,44.20000076,57.29999924,No
RF.c_22,22,Artec.spider,A2.internal,Maiolica,Core,Initial.narrow-sided,60.59999847,26.5,51,No
RF.c_220,220,Artec.spider,D3b.alpha,Maiolica,Core,Semi-circumferential,67.5,73.69999695,45.5,No
RF.c_221,221,Artec.spider,D3b,Maiolica,Core,Semi-circumferential,29.20000076,24.89999962,23.89999962,No
RF.c_222,222,Artec.spider,D3l,Scaglia.Variegata,Core,Initial.narrow-sided,56.59999847,26.10000038,32.79999924,No
RF.c_223,223,Artec.spider,D3b,Maiolica,Core,Carinated,28.89999962,34.86999893,46.90000153,No
RF.c_224,224,Artec.spider,D3b,Maiolica,Core,Initial.narrow-sided,38.5,19.39999962,32.79999924,No
RF.c_225,225,Artec.spider,D3b.alpha,Maiolica,Core,Multi-platform,121.2,32.6,74.2,No
RF.c_226,226,Artec.Spider,D6,Maiolica,Core,Semi-circumferential,36,34.79999924,23.5,No
RF.c_227,227,Artec.spider,D3b,Maiolica,Core,Semi-circumferential,49.5,36.29999924,24.10000038,No
RF.c_23,23,Artec.spider,A1,Other,Core,Multi-platform,41.40000153,49,18.20000076,No
RF.c_231,231,Artec.spider,D3l,Scaglia.Variegata,Core,Semi-circumferential,33,27.20000076,18.5,No
RF.c_234,234,Artec.spider,D3d,Maiolica,Core,Initial.narrow-sided,52.79999924,30.20000076,67.90000153,No
RF.c_235,235,Artec.spider,D3b.alpha,Maiolica,Core,Initial.semi-circumferential,52,41.79999924,27.89999962,No
RF.c_236,236,Artec.Spider,D1c,Maiolica,Core,Wide-faced flat,58.59999847,41.70000076,26.39999962,No
RF.c_237,237,Artec.Spider,D6,Maiolica,Core,Semi-circumferential,34.5,34,51.29999924,No
RF.c_24,24,Artec.spider,A1,Maiolica,Core,Semi-circumferential,40,29.60000038,42.70000076,No
RF.c_241,241,Artec.spider,D3b.alpha,Maiolica,Core,Initial.semi-circumferential,63,34.90000153,23.79999924,No
RF.c_242,242,Artec.spider,D3b,Maiolica,Core,Multi-platform,38.79999924,25.89999962,28.89999962,No
RF.c_243,243,Artec.spider,D3d.base,Scaglia.Variegata,Core,Carinated,28.60000038,14.30000019,37,No
RF.c_246,246,Artec.Spider,D1d,Scaglia.Rossa,Core,Semi-circumferential,55.40000153,32.90000153,50.29999924,No
RF.c_25,25,Artec.spider,A1,Scaglia.Variegata,Core,Multi-platform,27.79999924,38.90000153,27,No
RF.c_250,250,Artec.Spider,D6,Maiolica,Core,Carinated,35,48.29999924,42.79999924,No
RF.c_251,251,Artec.spider,D3b,Scaglia.Rossa,Core,Wide-faced flat,60.90000153,59.09999847,27.70000076,No
RF.c_252,252,Artec.spider,D3b,Maiolica,Core,Initial.narrow-sided,65,36.5,55.59999847,No
RF.c_253,253,Artec.Spider,D6,Scaglia.Rossa,Core,Semi-circumferential,45.79999924,38.90000153,25.20000076,No
RF.c_254,254,Artec.Spider,D6,Maiolica,Core,Narrow-sided,50.20000076,35.20000076,42.90000153,No
RF.c_255,255,Artec.Spider,D6,Maiolica,Core,Semi-circumferential,57.79999924,51,63.20000076,No
RF.c_258,258,Artec.Spider,D3+D6,Maiolica,Core,Semi-circumferential,28.70000076,28.70000076,29,No
RF.c_259,259,Artec.spider,D3b,Maiolica,Core,Initial.wide-faced flat,60.79999924,52.90000153,25,No
RF.c_26,26,Artec.spider,A2,Maiolica,Core,Initial.narrow-sided,111.9000015,67.69999695,45.29999924,No
RF.c_260,260,Artec.spider,D3b,Maiolica,Core,Multi-platform,48,40.59999847,52.59999847,No
RF.c_261,261,Artec.spider,D3b,Maiolica,Core,Multi-platform,38.70000076,41.09999847,29.70000076,No
RF.c_263,263,Artec.Spider,D3+D6,Maiolica,Core,Multi-platform,52.79999924,42.40000153,33.59999847,No
RF.c_266,266,Artec.Spider,D6,Maiolica,Core,Narrow-sided,44.09999847,38.40000153,21.60000038,No
RF.c_268,268,Artec.Spider,D6,Maiolica,Core,Multi-platform,55,48,77,No
RF.c_269,269,Artec.Spider,D6,Maiolica,Core,Multi-platform,44,43.09999847,50.79999924,No
RF.c_27,27,Artec.spider,A2.internal,Maiolica,Core,Initial.semi-circumferential,116.0999985,68,60,No
RF.c_273,273,Artec.Spider,D1c+D1d,Maiolica,Core,Narrow-sided,57.8,25.4,31.9,No
RF.c_28,28,Artec.spider,A2,Maiolica,Core,Initial.undetermined,95,65,30,No
RF.c_283,283,Artec.Spider,D1c,Maiolica,Core,Flake,72.5,68,34,No
RF.c_289,289,Artec.spider,D3b,Scaglia.Rossa,Core,Multi-platform,21.2,14.5,16.9,No
RF.c_29,29,Artec.spider,A2,Maiolica,Core,Initial.narrow-sided,63.70000076,47,19.70000076,No
RF.c_292,292,Artec.Spider,D1f,Maiolica,Core,Multi-platform,41.2,46.1,23,No
RF.c_294,294,Artec.spider,D3l,Scaglia.Rossa,Core,Multi-platform,45,32,25.1,No
RF.c_30,30,Artec.spider,A2.internal,Maiolica,Core,Initial.semi-circumferential,55.59999847,92.5,43.29999924,No
RF.c_300,300,Artec.Spider,D1d+D1e,Undetermined,Core,Narrow-sided,36.20000076,19.3,22.4,No
RF.c_302,302,Artec.Spider,D1c,Scaglia.Rossa,Core,Flake,47.5,37.6,17.8,No
RF.c_303,303,Artec.Spider,D6,Scaglia.Rossa,Core,Carinated,27.10000038,34.6,41.2,No
RF.c_308,308,Artec.Spider,D1,Maiolica,Core,Narrow-sided,52.70000076,23.1,36.3,No
RF.c_31,31,Artec.spider,A2,Maiolica,Core,Initial.narrow-sided,74.40000153,54.3,66.7,No
RF.c_312,312,Artec.Spider,D6,Maiolica,Core,Semi-circumferential,45.7,45.6,28.7,No
RF.c_313,313,Artec.Spider,D6,Maiolica,Core,Initial,30.5,58.8,42.8,No
RF.c_314,314,Artec.Spider,D6,Maiolica,Core,Multi-platform,55.6,36.7,29,No
RF.c_315,315,Artec.spider,D3d.base,Maiolica,Core,Initial.narrow-sided,31,23.29999924,39.70000076,No
RF.c_316,316,Artec.spider,D3d.base,Maiolica,Core,Initial.narrow-sided,19.10000038,14.60000038,37.29999924,No
RF.c_317,317,Artec.spider,D3b,Maiolica,Core,Initial.narrow-sided,37.09999847,18.60000038,21,No
RF.c_318,318,Artec.Spider,D1d,Maiolica,Core,Wide-faced flat,52,48.29999924,18.60000038,No
RF.c_33,33,Artec.spider,A2,Maiolica,Core,Initial.undetermined,69,47,48,No
RF.c_34,34,Artec.spider,A2,Scaglia.Variegata,Core,Initial.narrow-sided,67.30000305,35,70,No
RF.c_35,35,Artec.spider,A2.internal,Maiolica,Core,Initial.undetermined,47.40000153,84.09999847,53.20000076,No
RF.c_36,36,Artec.spider,A2.internal,Maiolica,Core,Wide-faced flat,37.29999924,30.29999924,21.39999962,No
RF.c_37,37,Artec.spider,A2,Maiolica,Core,Wide-faced flat,47.09999847,61.5,21,No
RF.c_38,38,Artec.spider,A1,Maiolica,Core,Multi-platform,29.60000038,30.70000076,23.20000076,No
RF.c_39,39,Artec.spider,A1,Maiolica,Core,Multi-platform,41.40000153,45.5,21,No
RF.c_40,40,Artec.spider,A2,Maiolica,Core,Semi-circumferential,58.20000076,33.59999847,67.90000153,No
RF.c_41,41,Artec.spider,A2.internal,Maiolica,Core,Narrow-sided,55.20000076,37.90000153,44.40000153,No
RF.c_42,42,Artec.spider,A1,Maiolica,Core,Carinated,34.90000153,48.20000076,54,No
RF.c_43,43,Artec.spider,A1,Maiolica,Core,Narrow-sided,48.40000153,36.09999847,38.20000076,No
RF.c_44,44,Artec.spider,A1,Maiolica,Core,Narrow-sided,43.59999847,27.70000076,27.79999924,No
RF.c_45,45,Artec.spider,A2.internal,Maiolica,Core,Semi-circumferential,32.90000153,25.70000076,39.59999847,No
RF.c_46,46,Artec.spider,A2.internal,Maiolica,Core,Wide-faced flat,44.59999847,37.59999847,21,No
RF.c_47,47,Artec.spider,A2.internal,Maiolica,Core,Multi-platform,43.70000076,30.20000076,27.79999924,No
RF.c_48,48,Artec.spider,A1,Scaglia.Variegata,Core,Semi-circumferential,33,38.20000076,37.79999924,No
RF.c_49,49,Artec.spider,A2.internal,Maiolica,Core,Multi-platform,40.29999924,24.60000038,41.09999847,No
RF.c_50,50,Artec.spider,A2.internal,Maiolica,Core,Carinated,20.70000076,29.39999962,29.5,No
RF.c_51,51,Artec.spider,A2,Maiolica,Core,Wide-faced flat,34.40000153,23.5,12.80000019,No
RF.c_52,52,Artec.spider,A1,Maiolica,Core,Narrow-sided,44.40000153,21.70000076,34.09999847,No
RF.c_53,53,Artec.spider,A2,Maiolica,Core,Carinated,30.60000038,39.59999847,35.20000076,No
RF.c_54,54,Artec.spider,A2.internal,Maiolica,Core,Narrow-sided,44.40000153,32.09999847,36,No
RF.c_55,55,Artec.spider,A2.internal,Maiolica,Core,Carinated,23.5,42.90000153,41.90000153,No
RF.c_56,56,Artec.spider,A2,Maiolica,Core,Narrow-sided,46.5,34.20000076,39.40000153,No
RF.c_57,57,Artec.spider,A2.internal,Scaglia.Variegata,Core,Multi-platform,56.29999924,32.40000153,41,No
RF.c_59,59,Artec.spider,A2,Scaglia.Variegata,Core,Semi-circumferential,29.5,27.79999924,36.70000076,No
RF.c_6,6,Artec.spider,A2,Scaglia.Variegata,Core,Semi-circumferential,30.79999924,26.20000076,36.59999847,No
RF.c_60,60,Artec.spider,A2.internal,Scaglia.Variegata,Core,Initial.semi-circumferential,37.5,43.59999847,55.09999847,No
RF.c_61,61,Artec.spider,A2.internal,Scaglia.Variegata,Core,Semi-circumferential,40.70000076,52,55.29999924,No
RF.c_62,62,Artec.spider,A2.internal,Scaglia.Variegata,Core,Initial.semi-circumferential,47.90000153,48.09999847,31.70000076,No
RF.c_63,63,Artec.spider,A1,Maiolica,Core,Multi-platform,30.5,28.5,25,No
RF.c_64,64,Artec.spider,A2,Maiolica,Core,Wide-faced flat,63,51.79999924,29.60000038,No
RF.c_65,65,Artec.spider,A1,Maiolica,Core,Multi-platform,58.20000076,58.40000153,33.20000076,No
RF.c_66,66,Artec.spider,A2.internal,Maiolica,Core,Wide-faced flat,66.40000153,46,22,No
RF.c_67,67,Artec.spider,A1,Scaglia.Variegata,Core,Multi-platform,38.90000153,37.40000153,29.79999924,No
RF.c_68,68,Artec.spider,A2,Maiolica,Core,Multi-platform,45.70000076,44.59999847,22.60000038,No
RF.c_69,69,Artec.spider,A2.internal,Maiolica,Core,Multi-platform,40,30.70000076,19.10000038,No
RF.c_7,7,Artec.spider,A1,Maiolica,Core,Multi-platform,61.70000076,52,24.5,No
RF.c_70,70,Artec.spider,A2.internal,Maiolica,Core,Multi-platform,40.29999924,40.5,23.79999924,No
RF.c_71,71,Artec.spider,A1,Scaglia.Rossa,Core,Semi-circumferential,31.39999962,21.5,42.09999847,No
RF.c_72,72,Artec.spider,A2.internal,Scaglia.Rossa,Core,Wide-faced flat,40,43.70000076,17.60000038,No
RF.c_73,73,Artec.spider,A2.internal,Scaglia.Variegata,Core,Semi-circumferential,41.29999924,30,42.09999847,No
RF.c_74,74,Artec.spider,A2.internal,Maiolica,Core,Multi-platform,28.79999924,25.29999924,34.20000076,No
RF.c_75,75,Artec.spider,A2.internal,Maiolica,Core,Initial.narrow-sided,69.19999695,40.70000076,34.09999847,No
RF.c_76,76,Artec.spider,A2.internal,Scaglia.Rossa,Core,Narrow-sided,43.59999847,19.70000076,14.39999962,No
RF.c_77,77,Artec.spider,A2.internal,Maiolica,Core,Wide-faced flat,50.59999847,40,24.29999924,No
RF.c_78,78,Artec.spider,A2.internal,Maiolica,Core,Semi-circumferential,24.60000038,19.79999924,35.5,No
RF.c_79,79,Artec.spider,A2,Maiolica,Core,Carinated,32,35.40000153,48.5,No
RF.c_80,80,Artec.spider,A1,Maiolica,Core,Semi-circumferential,38,25.60000038,42.5,No
RF.c_81,81,Artec.spider,A1,Maiolica,Core,Wide-faced flat,36.29999924,42.5,23,No
RF.c_82,82,Artec.spider,A2.internal,Maiolica,Core,Carinated,28.60000038,39.40000153,44,No
RF.c_83,83,Artec.spider,A1,Maiolica,Core,Narrow-sided,33.40000153,31.29999924,29.5,No
RF.c_84,84,Artec.spider,A2.internal,Scaglia.Variegata,Core,Narrow-sided,41,27.20000076,19.70000076,No
RF.c_85,85,Artec.spider,A1,Maiolica,Core,Wide-faced flat,43,40.59999847,23.5,No
RF.c_87,87,Artec.spider,A1,Maiolica,Core,Narrow-sided,43.20000076,28.79999924,42.40000153,No
RF.c_88,88,Artec.spider,A2.internal,Maiolica,Core,Carinated,48,40.20000076,46.90000153,No
RF.c_89,89,Artec.spider,A2,Other,Core,Semi-circumferential,43.20000076,56,58,No
RF.c_9,9,Artec.spider,A2,Scaglia.Variegata,Core,Semi-circumferential,32.59999847,22.89999962,41.70000076,No
RF.c_90,90,Artec.spider,A2,Scaglia.Variegata,Core,Multi-platform,43.59999847,38,42.40000153,No
RF.c_91,91,Artec.spider,A1,Scaglia.Rossa,Core,Wide-faced flat,33.5,29.5,17.20000076,No
RF.c_92,92,Artec.spider,A1,Maiolica,Core,Semi-circumferential,37.79999924,26.5,44.29999924,No
RF.c_93,93,Artec.spider,A2,Maiolica,Core,Initial.semi-circumferential,43.20000076,29.29999924,16.79999924,No
RF.c_96,96,Artec.spider,A2,Maiolica,Core,Narrow-sided,37,15.80000019,51.29999924,No
RF.c_97,97,Artec.spider,A2,Maiolica,Core,Narrow-sided,33,16.5,29.10000038,No
RF.c_98,98,Artec.spider,A2,Maiolica,Core,Multi-platform,44.40000153,19.29999924,20.20000076,No
RF.c_99,99,Artec.spider,A1,Scaglia.Variegata,Core,Initial.narrow-sided,28.20000076,26.79999924,46,No
